"V1","V2","V3","V4","V5","V6","V7","V8","V9","V10","V11","V12","V13","V14","V15","V16","V17","V18","V19","V20","V21","V22","V23","V24","V25","V26","V27","V28","V29","V30","V31","V32","V33","V34","V35","V36","V37","V38","V39","V40"
-0.0791925548673122,-2.03659595300367,-0.954086212783346,-0.690585729265085,-0.770276302636684,-0.922566866415604,-0.399271482929947,-0.467508415321548,0.0214241684502004,-2.55538443039115,3.0396006433204,1.68505305915652,-0.620251117845363,1.22966557990706,2.43932796977767,1.58555857907628,1.21801746631224,-0.891953981242106,1.9325377751642,0.404439047517246,2.17007147259384,0.910545205629895,2.47808087205531,0.594931021575513,1.84448964116615,-0.837024147839366,-1.78365231348078,-1.13026221962189,-0.279150116986794,1.17737510310538,-1.58339366874667,1.49831642492096,-2.98742145522485,-0.0167448237144398,-0.834961277384647,-0.477679813539995,0.164818874248228,-2.18679789824138,-1.71824479984897,-0.242742706431628
-1.08646567779956,-0.23114944192174,0.0109721257558428,1.61871904935722,-0.392281106751854,0.348319894252391,0.262620583730694,2.47574009621563,0.249755672064743,0.318626347191754,-0.969936263795837,0.963355763599578,-0.752940256721594,0.475915333829778,0.240041978370526,-2.13853353543054,-3.29977407163313,1.80981439926946,-2.57017366323859,0.0643308096302932,-1.21451690090421,-2.28416231620711,-2.33449558339873,-1.5443139732647,-1.5058622369387,0.554674638714837,2.40460901112082,-0.188250442956472,-0.0937451809062634,-0.654797304974353,3.29074910424309,-0.043498454109207,2.74092914505521,0.216099518974016,2.60754945516484,-0.284754531899166,-1.90701383099454,2.54669100286502,0.784565283303034,-0.389091655936466
-0.280027516384974,1.11520640558576,0.721975957524709,-0.52238582589208,1.01001265121428,-0.109981842719665,-0.526418296008697,-0.115851669020008,-0.00959723860583738,0.468164180800298,1.79230809812934,1.08964226078849,0.520216372996292,-0.694907892251079,-0.919404948792449,1.04493615364352,1.53301469131332,-0.378000512729464,0.461190267480539,-0.663606259047453,1.31390692532971,-0.223605753286622,1.33963678305683,1.67842817776917,1.21366426423599,-0.594639919943227,-3.35521878881905,-1.50914250384057,-1.27819276967075,0.27749820196582,-1.54524818389568,0.516146545487247,-0.927161951524027,0.448954202905424,-3.08188123091961,0.748212008566479,0.642028523425212,-0.73388426712766,-0.599703304164017,0.0617849804955634
-0.673219977488004,-1.73842921265678,-0.174771387941694,0.570663212677303,-3.01423235648434,0.0808333772727127,0.82180433339415,-2.03652980220753,0.581725776182438,-1.09453020136309,-0.54968739886128,0.800654660479148,0.31300671793296,2.66053480992046,1.06188585240614,1.29470743741995,-1.81277292041441,0.836200881730365,1.87635553330427,0.966767377250381,-0.337886340180307,-0.448942629900507,0.0426442441216433,0.0381747436859443,-1.02677198650882,-0.196839702516693,-0.145062504346816,1.36025892668426,2.67469167488089,0.805257347882373,-0.205046084612721,-0.674795812611411,-1.18374806086609,-1.84820889382697,1.57829629755831,-0.933623906607307,-1.01048992425795,0.850136314105772,0.163981654436709,-0.223702006018149
2.16369729120458,-0.374203998438217,-0.379057681344107,0.207361666966709,1.429306615051,-0.379105892633361,0.704743098000167,0.829309436730825,-0.621687270005849,1.23282262097547,-2.01941362254272,-1.74675788910012,0.442883899639795,-1.13638699533279,-1.83935154037987,-1.24958485836478,0.0268776155605452,0.585377652759596,-1.19686721072747,-0.493423493958931,-0.719385235707951,1.55226526836099,-0.237703797592039,-0.769856982000497,-0.717823602307046,1.1749571901152,2.82325541502193,0.103691807756046,-0.734686535409028,-0.948244579102531,0.7317638550803,0.395907903066989,0.76029764728676,0.287079992951064,0.812588203196727,-0.393235946050559,0.569462000654849,-0.437672890943198,0.628344849499317,-1.05490303705277
-1.32812299686108,-0.802348740222023,-0.416592256011524,0.266842716329751,-0.0663617466609759,-0.702728098959265,-0.130459738834378,0.267723922329371,1.20221858444293,-0.407731583064902,1.50929362025744,1.24346704365647,0.169165031615745,0.751356614863742,2.08165380070324,0.832808384654342,0.247702842911587,0.4988616675734,-0.354458180213998,-1.27629859516093,1.53718624410763,-1.09523342582739,-0.168588863952866,0.525057930486412,0.907771492864906,0.0337927130882533,-2.02556813307239,-1.58927894580568,-1.62421509077446,0.261052583439332,0.287938852931049,1.40407792357531,-0.293397775790606,-0.364347682357318,-0.664246611741791,1.0645804437866,-0.817943027286591,0.12356517705611,-0.470463131113943,-0.638276025641835
-1.01019902855399,0.381875474369138,-1.40552792179998,-0.286788457246612,-1.59597814744833,0.878387002226809,-0.99621750058583,0.605347963027655,-0.00858519934867897,-0.457726323524597,3.0055636424719,1.82303707744465,-0.00142901810829157,1.15113615507333,3.00284019658132,-1.40524941731636,-2.40687139155417,0.316161724328467,-0.310634891533718,2.23031858253392,0.198671071938857,-0.912277028518167,0.748760321161022,-1.00381492803861,0.628610906570686,-0.738633470016812,-0.407249189354892,0.506554690659202,-0.544941732732039,2.12572341664194,0.297943478085798,0.48117470983363,0.0319868023909933,0.593566471213062,0.290566861888157,-0.311148662809759,-1.82906947562421,-0.970943826771115,-1.04977656250624,-1.63343407521402
-1.11769574895911,1.44739765446378,-0.341556140883665,-0.0909162577702235,-0.396772896725357,0.230606106288115,-0.65755811858494,-0.224546777664825,0.911309475704134,-0.203220190901416,0.921222913509133,-0.132625603222487,-0.479125119644177,-0.420934100568819,2.17667496184839,0.397772879201869,-0.531672199891332,0.120645668913507,-0.0850834848969283,-0.0371062932356042,0.858946880391195,-0.567767263757978,-0.295943520224553,-1.41303374239091,0.866385757628628,-0.559686454821036,-0.872015525426702,-0.944349766713686,-1.9492848158331,-0.10705907977267,1.31746135271432,0.549058038764741,1.4000999258998,0.380129382628077,-1.01735729967992,0.630924489909464,-0.8685452529163,0.820253610487098,0.590933188013335,-0.30342796553441
-0.118568657473567,-0.0409066547348691,-0.272949280280462,-0.56681795749403,-0.387401567091853,0.293435042593231,0.770608283371146,-0.539758168910595,0.434518898392561,1.67558468877784,1.34410722522888,-0.0778455079158125,-0.176654597701461,-0.00746883024821802,0.332041151947618,0.450628571582465,0.135430028839452,0.627165865893925,0.696987454893119,-0.868264191284621,0.626447574924404,-0.972818003508689,0.138502142775976,0.499661285960614,1.3115226670244,-0.665208560192583,-3.10291784941312,0.939392743117696,-0.389627739475641,1.13254188488074,-1.41964812496414,-0.416505500742347,-1.17344555750114,0.893120481454916,-1.1005488927408,0.898685198725729,0.426326308589613,0.0887242559998025,-1.20917632384601,-0.227660673908058
0.229658099778105,-2.1583504081317,-0.708132212399852,0.140483486347065,-1.73870175599519,-0.25850506485744,1.23332545370914,-0.635279694455581,0.293841181428912,-0.761528668541609,-0.81237969991446,-0.745938454896055,-0.988143588091704,1.29200336045408,1.11008265183152,0.419725581704309,-0.854466596417972,0.43604844277655,1.30491043610487,-0.0407113964538453,-0.204539921891377,-0.0343940994646171,-0.289126127655565,-0.862184407487729,-0.198125855422258,-0.178097708237627,1.15755403430321,1.57593931234424,1.8307108608051,0.205181584540031,0.071878506632488,-0.402856564495452,-1.1293814649981,-0.401755978042533,2.45431528634424,-0.644797781259199,-0.0731445295167645,0.609548829652976,-0.441513372790498,0.238526219217398
1.0741554517997,-0.649840650914193,-0.556784869473593,-0.827347013061911,1.0584114932219,-0.356092186917844,-0.373988901010217,0.0994960975218341,-0.663957407919441,-0.470321697762303,0.632020213922549,-0.548379202630564,-0.245717145343281,-0.748038936824681,0.353772520524524,-0.0759914755678526,2.00186439974795,-1.3719813929844,0.355919629225111,0.0855276042704143,0.276353554841652,1.58897348391271,0.964182358926569,0.162114317598246,0.859299046984257,0.19680881255154,0.338754135190518,0.199652110872695,-0.144269851317576,0.332487904441653,-1.23093375247114,0.114818011906344,-1.27849221856075,0.474703540006128,-0.268808044134145,-0.273378781563056,1.33883000913673,-2.19996172468292,-0.863189204951133,0.590406192077863
-1.05077426365994,2.32137527936478,1.40608464093545,-0.352388483355212,-0.490452411163965,0.699174673577485,-1.1941579101072,0.209192086860001,-0.757797131179093,-1.98403885468526,0.841511748467403,0.768092225731626,-0.85980543907608,-0.0941014204496966,-1.36348207943071,0.0224461426784555,-0.451646094847105,-1.220165065144,0.778290633868318,1.74804326934463,0.052213728289888,-0.65360259496807,0.838731835063,0.674145499346863,-0.0417776524974634,-2.02779703361672,0.232542007156385,-0.46044608021351,1.09239163285554,-0.410524807413619,-0.164359770816966,-0.116817837609123,0.424191707346401,0.781784136514682,-0.403212573421245,0.0194738157416084,-0.551295931359083,1.07551365111833,0.0568547954407885,0.597567256104108
0.0939584628096786,1.63878455704858,1.21678913713494,-0.81752799303,0.489267144349698,-0.202623056267915,-0.330711346736019,-0.321866287095843,-0.319247219066739,-0.726583367550296,-0.443961284426369,-0.90726551137242,0.602102683606181,-0.310538661286402,-2.35763802136695,0.151183081661113,1.34621406286192,-1.33124756416551,0.643507912993875,0.0775489536044131,0.309073020131307,0.128061948779125,0.684229659245196,2.15478895136868,-0.174479480357125,-1.25666564450756,0.567555837520474,-0.113925596879072,0.956159116253112,-0.751830494568609,-1.52039436282918,0.518303496957819,-0.638413785479656,0.00652903214192098,-0.0998351685202959,1.28310293459394,0.277662582187398,0.105843538731922,-0.15696746218064,-0.505111701382968
-0.32735922147388,-0.633960088106804,-0.376798276920757,0.135767415663214,-0.36110044870399,-0.382130603645302,-0.309246826443397,-0.0872059308219129,0.276807980932824,-0.841925992247303,0.5169467126269,0.821866592278649,0.537130671509178,0.836763999986648,1.1014252402437,0.122892928734244,-0.115309494501675,-0.0827131297915631,-0.109122852573955,0.320280146979068,0.316162481005391,0.149109422459992,0.26304512810385,0.207236111613733,-0.177149387813432,0.300357734019638,0.2388296114481,-0.55340520798368,-0.109384305138903,0.269365750850361,0.136162796133952,0.663138377550192,-0.311221327144494,-0.73929896244124,0.234197143384735,-0.10380421174079,-0.617773486893905,-0.643305100250157,0.0114235247555882,-0.581392831675456
-0.0772724004389594,-1.59602207843416,0.294190029449256,0.307768347456272,0.00923756925601636,-1.26239308768296,0.0653103487185964,0.27107933702174,0.119831869562769,-2.30119230879327,0.0383754846886747,0.968842900938524,0.0556863384491135,1.01615662859087,-0.140870449878916,1.03686713525635,0.849406064592391,-0.401293468299967,0.658809990158581,-0.472592035040075,1.0713541924835,0.397854518548159,0.958324206107984,1.18159851119282,-0.185668391185255,-0.0247059212706255,0.694346403878294,-1.6570137232829,0.49391114678017,-0.786745667167677,-0.186989650171732,1.44486700101442,-1.36325750004157,-1.03179848346089,0.590934641863157,-0.224003769253615,-0.145121329880149,-0.339837480587596,-0.205196541280209,-0.148459975567125
1.27009208802211,-0.818644103105077,-0.769355778930415,-0.0526359283470553,0.659572947756747,-0.305698457849645,1.30498598140605,0.618407734795929,0.194678973529003,2.66704974432082,1.57567157977855,0.669412391848719,0.651694178830689,-0.413366282755366,-0.784043977761754,0.212235476549601,-0.416040715961719,2.14876158305095,-0.0403490955131037,-1.5606635829012,1.34687351663488,-0.163615515739379,1.52249411836079,0.312809174864018,1.3245870231199,0.432459291467859,-3.09210978826606,-0.998628916920701,-2.41901862788253,0.846336277751754,-0.989266846055036,1.13479923883642,-1.34837392997567,0.941286105393864,-2.4138706054663,0.0626759766025607,0.311392201048853,-0.745811760362766,-1.00913157866996,-1.90869924165522
-0.106291377518138,0.37953200202932,0.486616867303009,0.828005317018072,0.522810125248175,-0.0410664938181667,-1.07109279157429,2.18432108789131,-1.04643590706968,-1.84645474615899,1.3142369500144,2.47426085855364,-0.92265102973173,-0.303700966077674,-0.625767993379157,-0.700839478428937,-1.12724064833359,-0.102002386939045,-0.833713959318811,1.44964304380009,0.377760065880669,-0.0229367060619976,1.05800747102185,-0.680494483924181,-0.000183619002794406,-0.385628130538745,0.991854554203281,-2.46539712654454,-0.909188550349499,-0.690960870240864,1.75769783631636,0.959639044580388,0.958468636723526,0.710548009819959,-0.61557538820435,-1.32488299214759,-0.851909833150812,0.0386122682718036,0.245172025659434,-0.0694518581583434
0.143668463712931,2.43908130315825,1.093525582001,-0.335160598678248,0.609904758939119,0.351362784482792,-0.308401605717812,0.1553339629941,-0.317739652315136,0.156065455051053,-1.15219994513824,-1.2598975854225,0.283605144381242,-0.994098040930864,-2.3632953756609,-0.501480697082576,-0.0460883090244914,-0.404770034948417,-0.172438608556541,0.232505489629737,-0.387853119657811,-0.0400772237378666,0.0266214926613519,0.485576777173872,-0.624439055520167,-0.790711814690169,1.29834989186507,-0.166403011409583,0.101830762474111,-1.09961465211447,0.088607445304435,0.0877444092061846,1.11828051913797,0.449490303413824,-0.206222646132917,0.63908717113096,-0.0992314620998913,1.0802362733588,0.80771669851468,-0.376859370170649
0.142837320834537,-1.11849514735735,-0.0850250027353441,-0.12310952569389,-0.0130184637677764,-0.432169265591557,1.34540854854398,-0.531499134720311,0.697405510085613,1.09643845639297,-0.0764356882495307,-0.766712604977636,-0.757594377178555,-0.27095766377349,0.259294164723393,1.37978970011672,1.04321802034797,0.632120131882713,0.959790825763894,-2.08143706565876,0.850165624007151,-0.463667523235803,-0.329757503943977,0.0190639366201867,1.14334921690003,-0.0670446955622396,-2.335462226811,0.223298898259087,-0.451294579222994,-0.170005060558526,-0.652357094111045,-0.286422820546865,-1.03268403872971,0.352475899364533,-0.656292697323659,0.619334824824616,1.02468813914244,0.686082018028567,-0.547432021823712,0.761726051623846
0.372171048331938,-0.691581475407065,-0.44471516212553,-0.383354607219142,-0.538752065410879,0.384851466649648,-0.18329165815157,-2.62501490090949,-0.0416632937009584,-0.0662625431886493,-1.16630158165467,-1.32157081338217,0.408570476300339,0.373512188480913,1.24026164073611,0.846532287029054,1.16776923035338,-0.909342134433085,0.926206731174153,0.660486809638415,-1.09235950201182,1.66611799072401,-0.7897343829847,-0.436905428410248,-0.30708925439504,0.767464392427769,0.0587670114121274,2.25723776621717,1.43053814350782,0.778119783754294,-0.853415511456456,-1.76085744745776,-0.340616887339063,-1.00647130687863,0.366640091489352,-0.438781976344207,1.05101109463412,-1.02094321582904,0.318118840049144,1.35354588125691
0.392520579057436,-0.179054503919005,-0.132789072006194,0.170492108436946,-1.47497674663779,0.405044425513209,-0.321594039068462,-0.295050878585427,-0.851555613179969,-1.65977524032071,-0.139625302394784,0.648822771601295,-0.166540515840361,0.956811286161336,-0.0964586133675242,-0.248684195002248,-1.63353081760531,-0.123874705772072,0.954559226919509,2.30468355059151,-0.664176204065704,0.86346742628294,1.13288925584968,-0.854359161517792,-0.930192518888619,-0.353632615999866,2.10197045419323,0.440056786935835,1.60918244503164,0.235576335722812,0.405346347002099,-0.222882783143333,-0.137808371005127,-0.460441109100272,0.991991848925328,-1.80476934342432,-0.713841672042698,-0.266358660058252,0.42408899881716,-0.279537817922146
-1.69695224534953,0.352518120309096,0.549056356261722,-0.310364508276852,-2.59364102732602,1.0957005613173,-0.219885989180375,-1.53564778249052,-0.0222983897390413,-0.773329180527852,1.74778733371178,1.70704906137296,-0.283762308944347,1.86623699936603,0.672047708591157,0.898836091750271,-1.25433052351689,-0.103059476380346,1.92595391346058,1.62862320360169,-0.169330255076226,-1.65302859591299,0.372588157768665,1.03428130506284,0.191189596577904,-1.74002765015604,-2.73951576973675,1.73928019082138,2.52456847959699,1.76113871063377,-1.55841606163136,-1.47139884970744,-1.27585801079011,-0.169333617944206,-0.178390338890381,-0.0671051745703673,-0.672769311672492,0.743327225085207,-0.977896084823802,0.668583935547093
1.08017164365039,1.09031876326022,-0.683807741200253,-0.954833372294214,2.67500556569295,-0.762166085802503,0.660016553265309,1.16819318908699,0.890126433485894,2.15163641417541,-0.638113617812716,-3.74669321792142,-1.35385063402045,-3.37589388805338,0.504997345326844,-0.17963918690785,2.54489715077672,-0.273569723418013,-0.934702614203018,-3.35240279753261,1.42937008692099,0.462908985765787,-0.841300339629714,-1.54730369646613,2.19266907855934,0.0468263575403447,-0.05710756825043,-0.900594867816659,-3.84994688456842,-1.56188434616148,0.649594503800497,1.10881297552565,1.09136656915056,2.13296387887614,-0.944266385650093,2.07320313856815,1.62644534913617,0.29554353930279,-0.0324369754504739,0.0762993977544692
-0.451688545655656,-2.18470251545008,-2.35676933240411,-0.102211301278707,-1.54559220408741,-0.60744105234101,-0.532610518838814,-0.99688469048272,1.01042827568011,-1.50163625218388,1.68578333624607,0.923930740160067,0.97446274976147,2.02683355882559,4.85339994430249,0.418145915939983,-0.625917082675706,0.222745965256098,0.421218119268284,0.792487512988608,1.07327115820481,1.00714253952761,0.926938787689505,-0.982992879417201,0.428959091312834,0.902076859197009,0.309965838042537,-0.301471845298464,-0.944029471065445,1.63941854362424,0.180589274065741,1.62889939696011,-1.0820360166257,-1.58587742827547,0.751329150696038,-0.511635042109216,-1.34242966335613,-2.2666170457597,-0.459732552476819,-1.80335181218338
-1.55183206544808,-0.878154529600165,0.538705423061055,-0.36653011893344,0.696239454934152,0.183822208105675,-0.524100214247289,1.04682445520341,-0.309789104683086,-0.594885421925126,1.1365647475136,0.790477755352456,-1.27221815772788,0.302224504740498,0.601539266499987,-0.89566252207719,1.61974705863947,-1.54530801948592,-0.959115648312421,-0.451742234523721,-0.66422408590354,-1.84827654396089,-1.96100782869321,1.80388468076956,0.514492331854433,-0.606785027025808,-1.11640745355953,1.77845209501722,1.91081142939654,0.894931037300055,-1.31641412260871,-1.46229784991152,-0.807795580181184,0.952978332935825,1.72198386799459,1.35968431609878,0.870052793071468,-0.0284701682248466,-2.04479164391955,2.47933285562582
1.35683955170963,-2.33613703422446,0.0632084180928496,-0.215604774381434,-1.24999738025624,-1.10611672502707,1.48003341240185,-1.41239925399995,-0.0822434655987244,-1.24990064054462,-0.190036016547288,0.131724804222223,0.244038091587737,1.35840817447405,-1.29165961566662,2.31630617716506,0.708626311387982,0.31617127876348,3.10663111503079,-0.512746843293699,1.34583933581662,1.23916224748138,2.67369091647805,1.32786661697752,0.211210298972063,-0.455653209249017,-0.639765527907989,-0.429911250985101,1.62727379575329,-0.0986568736613646,-2.07265949443687,0.92443289656647,-3.49430816233252,-1.15250845709018,-0.184257088287426,-1.05592342123731,0.737112992871051,-0.749450140505263,-0.641291341098648,-0.587116789364169
1.15344291696352,1.08182309155624,0.148311854229531,0.398265763208421,0.326073439768466,0.413118062727245,0.833754566833544,-1.43695200485442,0.36811290643011,2.79679073176115,-2.96758797286817,-2.11055543291301,1.55470697923183,-0.896503560075596,-1.55106280891641,0.0595206566841764,-0.476677554763057,1.24569267876067,-0.512737608293121,-0.668169054062044,-1.2938058060964,0.910079979446414,-1.15084183676654,-0.922891810644987,-1.29803939191364,1.45255145471126,0.628751720060646,0.800833177877292,-0.540425839332033,-0.731591755423565,0.789606666509896,-1.0133948194729,1.77817692016659,-0.888524230246661,-0.710746528573882,-0.0833789614066301,0.300662569621405,0.796719978158163,2.02252212304842,-0.56721869795712
1.18540936498556,-0.808628017008106,-0.452147507946403,-0.144292870187476,-1.05330068578862,-0.137300011643036,1.33416392331865,-1.84547847287907,0.379580174639426,0.735421712769404,-1.09659430344188,-1.58928180724721,-0.349744241855283,-0.0740004142698824,0.0546851695357479,1.65501775604105,0.0139066614548646,0.731049228244351,2.04585097332096,-0.599487653641104,0.407534149157922,1.14537954851115,0.714444395761071,-1.20819221013725,0.439073097172222,0.0352840121184452,-0.622017027268175,0.668941570463953,0.161986178191011,-0.166507821145807,-0.314186105445278,-0.395809767784731,-0.857093071908746,-0.319656107545851,-0.513578045640042,-0.734250898546618,0.785061262746567,0.314466916343322,0.45582897426728,0.0229464871090964
-0.754346583939387,0.866654780005235,-1.09393357724687,-0.268282833784476,-0.812509996906522,1.02971373607336,-0.683121518420993,-2.30320519765955,0.944822827734019,2.21053885509436,-0.598273675290658,-0.747515451031433,2.83470384068775,0.907069053718386,2.38631549565449,-0.78094141228948,-0.557198455548896,0.263187498312706,-1.02368153486712,0.808135693138013,-1.56238491363021,0.0866256811082797,-1.72728971255556,0.024171202294685,-1.09677375842147,1.52942314907055,-0.50243069423204,2.46950182471299,0.135020235026795,1.91758783060073,-0.470544644340906,-1.27989510078264,1.10718098970828,-1.83830150353873,0.142378160003178,0.886270030729605,-0.774769675448451,-1.20026360692656,0.655044266541072,-1.09530383104637
-0.130304799957879,-1.96364737050344,-1.07836623492649,1.2979329397735,-0.150525807944834,-0.441053755981535,0.753329028198789,1.30452844520886,0.691125335683135,0.0801967565121668,-1.2648179586949,-0.125419968004434,-1.10354276649273,0.0981262293355666,2.09845187628253,-0.436692775311295,-1.56083360748944,1.57718049329552,-1.31742996915704,-1.03688121731894,-0.376655491090091,-0.279794456300228,-1.57906413330027,-2.81192945393122,-0.578417644355346,1.57915269083272,1.93119183470076,-0.606589374581354,-1.11701055356069,-0.814481282002817,3.07776814026285,0.199242168572867,1.70750256694833,-0.230651397077557,1.74996758720606,-1.13830884402366,-0.650909285897657,1.17208238600355,1.0297644853508,0.513554272730357
-1.79963494997574,-1.38485131974529,-0.861907564160308,0.247729292295735,-1.23409825722633,-0.606855380804311,-0.517953776181871,0.811044791169224,0.94820167951493,-2.05196119679726,2.12344778495246,2.10656758298686,-0.176047129865787,1.94269196643815,3.18136058543154,-0.127900335908655,-0.982600626189399,0.00523463216480085,-0.24120782143023,0.321437851673968,1.05319534483864,-1.41927964507538,0.252472559984287,0.278376726327083,0.224821049538191,-0.256466350943221,-0.0789316461064243,-0.982867177560602,-0.0504320160582703,0.8339033403604,0.466809781528562,1.51356551974905,-0.829155475073956,-0.672814576282212,1.3993367851804,0.225805682264778,-1.68530400783841,-0.300363093673144,-0.912223878329583,-0.75917199350511
0.00929252678443654,-0.35221024859688,-0.356872181524972,-0.646932487441444,0.914198051746748,-1.07676218734631,-0.78379968808269,0.154404676259166,0.21564355218647,-1.93388395136932,0.698734838464968,-0.21334464218483,0.149951908852281,-0.233873263951721,1.19643456837587,0.790078689413424,2.18226889588414,-1.42002576649883,0.477227824423433,-0.534536258993823,1.4564933232121,1.24970988984639,1.23182109576069,0.582138303541722,0.774664344483799,-0.000342959258561384,0.566334816878399,-1.70504160925901,-1.04845572692745,-0.574620057817389,-0.530904152974977,1.71152372918707,-0.94438786088527,-0.444031271679524,-0.425761537313661,0.389856468203225,0.378709879156366,-1.59571083528886,-0.270957157775274,-0.0973734057211589
0.202228551309281,0.882555747055964,1.32412007617236,-0.717064986025353,1.82009593536087,-0.875023218408135,-0.304291673862049,1.01449935290638,-0.427152322719154,-1.50556871885217,-0.0934008433494758,-0.856304544043611,-0.912221604123051,-1.30137910238976,-2.30402869412563,0.487246976931128,2.5630647925364,-1.69505445858925,0.420318323112001,-1.16038796724671,1.13666659451835,0.227742527360097,0.836596485883236,1.7682788967335,0.736492144047408,-1.2506762405454,0.474671880362017,-1.49183293101876,-0.0612836158983043,-1.64647020703012,-1.01174557374878,1.10200111705274,-0.814763672246418,0.966951952000421,-0.327156188382321,1.11973021235213,1.14913984447063,0.2053470662019,-0.561225354883683,0.818624169752878
0.023162842239686,1.04534031813408,1.39593975543463,0.304084594869592,-0.369003526798693,1.01462675249494,0.985190804721523,-2.76501428802131,0.284811940528335,2.34229452894428,-1.97445651532422,-1.48741932503285,-0.892874776913557,-1.27604725594348,-1.4596632255506,2.39960110107156,0.873746494811745,0.395907874524867,1.57274666435137,-1.10145290647406,-0.876350757189403,-0.1280451143684,-1.61532626902211,-0.85310576104092,0.376406493257897,-0.13419476789404,-3.55320113720118,1.53201454877039,0.70429600285001,-0.501729477332381,-0.118018956011567,-3.24278134396369,0.943217543266476,0.182173235682719,-2.33976013869717,-0.0671740801077184,1.83534837369451,2.26342680554865,1.29092828433188,3.0132423001647
-0.523122485513962,0.716542268342219,0.211642042395253,-1.20227647995382,-0.340791758583393,-0.089253952932593,-1.47963476892372,-0.831997789953465,-0.483866174308547,-2.86581948518447,0.429876872141735,-0.486650705517826,0.333995233387978,0.64061898108544,0.479318650786867,0.0608636487628963,1.58717388549679,-2.61201086254846,1.13628867988306,1.60061941572816,0.136806016420243,1.01234781905358,1.07776707445634,1.52935799510198,-0.179580714367414,-1.10778542417963,1.83051729780003,0.578728250496214,1.89823876332745,0.248907861581462,-1.7127050734878,0.459730545246525,-1.18506828274474,-0.662484460618824,1.15019356243312,0.450581795251755,0.0630164295747887,-1.50898200485287,-0.590099408887992,0.191551514773818
-0.690526316370517,-0.316900963234297,-0.217201954601261,0.454207755405813,0.660962123300215,0.187255641896366,-0.234561641698313,0.829017295080762,0.198385468130699,0.784650904563495,1.06956866105967,1.14202491008703,-0.501550690132495,-0.413116542729935,1.12733141777733,-0.0559827047070922,-0.0519211568425336,0.634950475033214,-1.00199128765079,-0.722891572881069,0.214682496658682,-0.824994071540448,-0.804258203124373,-0.57605098135781,0.744176539469448,0.47496859094587,-1.9614754259951,-0.598115808635326,-1.46227961644807,0.394118526822097,0.759564527208058,-0.313083636331389,0.734268018414203,0.616668998616118,-1.07734792616096,0.0700809201460402,0.0664926433058204,0.161170247574665,-0.286682298173167,0.785694347842332
0.941377105403833,0.971191243174059,0.367554043901257,-0.55506388321726,0.0706137613384748,0.436842346762168,-1.12989963204302,-0.707042871029661,-1.41156747554618,-1.83084587204488,-0.494231203843737,-0.549879948072302,-0.399672912148231,-0.623857948196397,-0.858557854580183,0.00770098369870826,0.739910801191491,-1.86206618821203,1.02727804278914,2.2562249088076,-0.754243623696027,2.2069066294253,1.24052901081208,-0.580597717760654,-0.397444305583723,-0.415325383912514,2.19834050292882,0.390045895070645,1.28855962413581,-0.318311268627394,-0.319256526070793,-0.697053653798421,0.0439054788034049,0.0690040236783766,-0.0920008374545908,-1.4633457654508,0.748625548727914,-1.1990250643449,0.58763412278176,1.05085482274171
1.67935249313945,0.897731442266392,0.0519302279395555,-0.384844057322974,1.3103372844258,-0.480966747186155,0.142673331697141,-0.139752454778328,-0.275442825339996,1.10169919529678,-0.929162033634753,-1.03049454488199,2.21268966898321,-0.672587174381782,-2.3620437928672,-0.281138195842397,0.714127200227986,0.303777129122462,-0.35330682857793,-0.404470707796099,0.309574680561489,1.57933089358822,1.35562892794425,1.21646912180741,-0.526774196443052,0.6760239823768,0.990579522849455,-1.01204588537837,-1.21455781873778,-0.562201067497427,-0.903679271559122,1.46698597851645,-0.223002752019124,-0.550845015353339,-1.2283658953036,0.396683295907999,0.143152915610122,-1.27167308807321,0.581164258691935,-2.36317892882192
-1.04322340725725,-0.0998281580083815,-1.41803426189336,-0.0490975805665486,-2.09537461821705,1.16504482422622,0.0843698061026107,-0.78367829412691,0.667508730917761,1.09895663904905,0.892209826519805,-0.00274918679580505,0.0365487398367762,1.30436942646644,3.00043816067463,-1.10253261783706,-2.57336950025996,1.10532887078549,-0.371792458606509,1.16879175074739,-0.83892013843883,-1.25916262408457,-1.28217258370419,-1.45383494595308,-0.0236190397823212,-0.0799714428853936,-0.43547138476187,2.49718845217164,0.344201941659083,2.02657084203142,0.454939086786792,-0.930599311298334,0.67952578607363,0.11950303961631,1.40995041078259,0.225816207122379,-1.40354613275369,0.456738409354894,-0.476297296770246,-0.953229267805059
0.316724340441515,-1.69111879832383,0.0547272620468962,-0.0031957358307896,-0.905948323366644,-0.397938977198564,0.840463475175244,0.027305373911147,-0.29604599633754,-0.449910549659924,0.390286647951502,1.08798112302839,0.568381576142349,1.54331996857114,-0.976765892014288,0.247884661732299,-0.353649226809224,0.493643842402919,0.977760308093932,0.0661831662611915,0.166031344473074,-0.310252703235775,1.10711365941598,1.64687822325881,-0.438008640947363,-0.179021697898176,-0.292161008029876,0.445047253426839,1.7933686946511,0.638957642606842,-1.56911943722493,0.269411080207619,-2.22228629250767,-0.670868793941381,0.801452096320092,-0.447157573093633,-0.0859114629583427,-0.524971364685833,-1.02183599240542,-0.65402351579635
0.249701602003615,0.110597506512293,0.233387414735052,0.518714105536085,-0.117714883416174,-0.50225884609775,1.01323366083887,0.709697814307968,0.511102776496058,0.452330554353043,0.0162742010054266,0.185243845099774,-0.364619026718574,-0.285314518748251,-0.958027017185232,0.831508904686706,-1.01289029861378,1.6518804044361,0.383696083439114,-1.27841731208782,1.35007439282395,-0.596933406938068,0.82921761747089,-0.492830457647163,0.474947787449816,-0.394326128006956,-0.828242859204047,-2.01279095411726,-1.72266775891364,-1.08620155598938,0.978987559132649,1.41892613958296,0.238119333727009,0.396465037060946,-1.16498455965431,0.0140020048218181,-0.584133637548113,1.54824698178418,0.497955082214744,-1.21423314858805
-0.780188162975006,1.59140267011637,0.119580701808498,-0.0451971551924784,-1.25930337935455,1.45289013521966,-0.466948482677524,-0.597015103904388,-0.2536609659366,0.590440043391096,1.04693732850391,0.659843039810056,-0.829715770105658,-0.216582461710381,0.686535686276948,-0.0257768312029306,-1.60863724759137,0.250161679501115,0.618587628528294,1.56118801374545,-0.580936935551649,-0.786648197394489,0.0148134784861639,-1.40631683075495,0.367090235319176,-0.834759395588464,-1.60190578917243,0.934570756755472,0.211870830964763,0.902960004158951,0.411225095560588,-1.53857206643774,0.934783264239322,0.812159048398375,-1.12793894979254,-0.735613746625519,-0.343135795888321,0.834737969407402,0.214435371323139,0.847504142409085
-0.183602955913256,-0.387648255713402,-0.25827287579825,0.447305634615802,0.361021463397478,-0.0151506780290068,-0.0393232046691818,1.04189627547767,-0.00152399134682824,-0.21845565748711,-0.422715192067566,-0.265950408267174,-1.06544550149058,-0.397297225112439,0.708987051752265,-0.703302605627462,-0.490984546211789,0.226649326160614,-1.05320840068579,-0.255736700195634,-0.329303060941832,-0.277791251390787,-1.1404725552546,-1.27607450167293,-0.0472065841160602,0.274594266162285,1.24998190888041,-0.0690828352977855,-0.50713548093056,-0.46565408730034,1.5178210271495,-0.0706192681709916,1.23327307086239,0.61339202096079,1.06598087365634,-0.145036052260486,-0.184674492448824,0.754012067759572,0.24486244807079,0.562324339241816
-1.47648562542301,-0.644109221788924,-0.0177978129184072,0.20317320041773,-0.887445007785202,-0.0351736731518564,0.472689945134173,1.13909807870725,0.639412450840207,-0.15855601539333,1.13494988559712,0.939961619531046,-0.996786642651875,0.926435323588064,1.04180077918621,-0.454515888389903,-1.02185811662145,0.557019068915293,-0.315540965225396,-0.639002192171041,0.416686923277922,-2.46455795626396,-0.919882900401474,0.410587900811771,0.412423770537517,-0.886241441377565,-0.941973673559479,0.346279149355685,0.492893951999954,0.411560998247234,0.195511274588,0.142131291523282,-0.32607156594223,0.548833181614044,1.41232384172169,0.965158926486794,-0.849562092507951,1.38945412091777,-1.13670662190334,-0.000942705345261548
-0.536569269638952,-0.448700492778378,0.831136104476849,0.510085305881,0.620249719710338,-0.14992016798165,0.0698812539508822,0.36457974246668,-0.0144444773844695,0.0900348843808193,-0.522334464192291,0.713186832472586,0.00716799510394428,0.0997019038224872,-0.959896904155383,0.17812129931972,0.538194772355666,0.0189987800054675,-0.588267282504605,-0.756773468230987,-0.429939710181314,-0.749777587405064,-0.91952570468415,1.00556998738646,-0.517116887983902,0.402340745533389,-0.635768400696974,-0.162687620647673,0.686559266217172,-0.342402560467167,-0.0302017738670063,-0.62048201161878,0.0917182690426528,-0.296246566158594,0.0964687299937222,0.147758162314378,0.376415448833184,0.590936712038891,0.0260892646203628,1.22188080521211
-0.69706145043272,-0.856416085337103,-0.751082504489086,0.483463711264692,-1.46398434425128,-0.0814283658877502,0.10660846942522,-0.0949916363401525,0.637954287351153,-0.373763319308407,0.0755916386181011,0.903218197280821,1.26665820266162,2.00383053272525,1.33184142184254,-0.753009563300993,-2.03569613794191,0.978568652500465,-0.607817593931542,0.75023544987766,-0.331508265210463,-0.73238908102586,-0.325253367282819,0.219312939077595,-1.16574272493955,0.469038481352522,1.2096545943427,0.35830116604818,0.601940262943252,0.783876770966242,0.513076508868089,0.775263672894441,0.0222778967917043,-1.29101313716786,1.75151330869255,0.0179372487215033,-1.87366253614628,0.0452667260686774,0.101277269863727,-1.93144550745372
0.65146947017383,0.247768013831815,-0.264640347083075,-0.901626033480479,1.48151416526266,-0.18061799779635,-0.704224501580823,0.0184908721191977,-0.490838296363354,-0.116425879598858,0.751671484607428,-0.684957195219675,-0.0345147538910732,-1.05987669875793,0.122487072893263,-0.172219206607917,2.17230905455631,-1.42941605388087,-0.147384309206851,-0.0996119227553294,0.36983431283374,1.24034546539849,0.539465116647242,0.537447554128143,0.996427714223453,0.0284179686169138,-0.239992595830732,0.0119145979100824,-0.734759283811219,0.250443110648663,-1.21372634294842,0.217251813052743,-0.669856120386603,0.713351458823269,-0.799739168357554,0.5069278209354,1.19745380172745,-1.79716732905725,-0.778506577064649,0.410716755125782
0.258255314618189,1.79546634674244,0.0541728105683022,-0.140528195331499,0.870786229521831,1.70333819861005,-1.46090140981065,0.969588434040535,-1.68688141141872,0.898899244962869,2.09683823366107,1.42969941509214,-1.04160031949713,-1.53931698253656,-0.317151930719264,-1.52100948933507,-0.802707627859706,-0.410267473677512,-1.01163919393473,2.26647732305366,-1.02464983737288,0.203548157331744,0.2480434359028,-1.33229054730388,0.90435061677399,-0.436780139855168,-1.34290196057849,0.584979980782132,-0.862613429422823,1.32271831904765,0.310776548542012,-1.64722356626488,1.32235015410307,2.28845775767334,-2.03041350010228,-1.13855897118886,0.457037793048033,-0.86449878292867,-0.513359617119309,1.13066497835591
0.513568462316484,0.44537065707692,-0.739680412303549,-0.806253260970347,1.12478959645435,0.234045297207782,0.469537623969737,-0.392634751408903,0.536564638807635,2.87941356028035,0.0914800488392267,-1.83832554937425,0.35323304201796,-1.27667397188271,0.669342091071698,-0.589486176476126,1.29883764954529,0.0967894983465024,-0.871902918301519,-1.48462699686742,-0.141348007232456,-0.0821521702152314,-1.15852915073593,-0.095704221338114,1.0335992202756,0.555820192974334,-1.59754058962626,1.45972276393597,-1.38985563914872,0.771974908176405,-0.964966097257392,-0.662341546917523,0.0833481769470228,0.923382501675919,-0.698214889288943,1.52537079634591,1.09231529717514,-0.672088932500329,-0.625494460603367,-0.0860818700414556
1.21164528853358,-0.899642276949371,-0.559434904082101,-0.892105795049123,1.03025074194907,-0.865170476281821,0.237499774278399,-0.486674914972264,-0.0114831505463229,-0.211267340409129,0.518344519469485,-1.01715253293687,-0.0607818642797242,-0.726557497324906,0.21994261633762,1.0581165429415,2.3666940740924,-0.74673166575871,1.10793373987427,-1.12395640478086,1.31780581920095,1.6333826795745,1.51421911550569,0.456560423051634,1.3279953177879,0.0908759962068518,-0.746955696424598,-0.564898905576607,-0.919096989595964,-0.000498549107066534,-1.56677983838017,0.916408059227973,-1.88289409645979,0.236378948464995,-1.06264112742735,0.139974984649897,1.47951868237613,-1.8050918984207,-0.825648690670172,0.0448516777570211
-2.14937008533446,1.96512324202764,0.47993406046948,-0.697614497262876,-1.13381899316319,0.706454549152213,-0.769927345359272,-0.661551981497351,0.793443830685743,0.0574408647405591,0.336583125076406,-0.132443965923494,1.43653432613255,1.25601982202497,0.585676491133221,-0.917906073547507,-0.515890313905533,-0.686830343343622,-0.417697336953339,0.641617089157195,-0.623007048691913,-2.11418848792632,-1.19291477556488,2.05635347018511,-0.858677339600712,-1.01622593554603,-0.138080511620104,1.63489082792042,1.57725652843235,0.925570279644342,-1.16543312749749,-0.300839406395266,0.29292114890007,-0.767053725255029,1.30608309285118,2.17934601116077,-1.39173606493827,0.687097715746289,-0.351134347977687,-0.896129444513471
0.381796675296505,0.00480056671340049,-0.312869154008263,-0.262044093951858,1.13525009225113,-0.294850895406204,-0.114922896059307,0.687851972895813,-0.0167947845760324,0.233419400997028,0.899346604875027,-0.205707593989099,-0.97399062436412,-1.33428705333467,0.569460270514444,0.376662017144983,1.17032931792239,-0.260003426642412,-0.0399436412301128,-0.898964623447386,0.982553284182242,0.454828393081662,0.535373573430795,-0.771448883787183,1.39004488487677,0.01367856544489,-1.03393968565487,-1.14634614512368,-1.84380464450832,-0.304875290460852,0.165274620419075,0.492248647473171,-0.0439397548309783,1.05644270309073,-1.39185746895483,0.00540388424479898,0.863114194947031,-0.527585240020808,-0.305760935115285,0.629131461566563
2.25056656791858,0.77917454348225,-0.192508092976887,-0.010167478005474,1.58209385992736,1.06998027733095,-0.626369130498974,1.29788588634685,-2.28126223012119,1.29165454401612,0.171566440827772,0.261336123811177,-0.325415366836329,-1.89599672057569,-2.07055005903371,-1.93199942935289,-0.506785338698358,-0.0587472277333112,-1.10803769984117,1.93919452752087,-1.53185076911246,1.90885781800574,0.849357089085705,-1.50661256561202,-0.087673228641255,0.702304304160463,1.23866440390914,0.54491038798319,-0.5618821621877,0.453916581291517,0.323034987050679,-1.24736735115735,0.972701221284956,1.71560314688123,-1.22856294971617,-2.09600110838512,1.09824090502637,-1.70187753093944,0.0872968179009835,0.425389833833807
-0.222429986037665,-0.766878278196188,-0.547573354606984,-0.148880645543803,0.176025893461622,-0.194091270478921,-0.446288974254992,0.206067584625664,-0.0465165634695781,-0.369768369252871,2.06429893215988,1.51545274976837,-0.0144230325906563,0.265277791018388,1.27713945218829,0.540188835552538,0.459318677618444,0.0472076238437639,0.183279296505975,0.000596491062019553,1.03846350755926,0.1901770981306,1.0477921366043,0.233576120898554,1.09690566167296,0.0400575813090758,-1.98472334106734,-0.969348358055438,-1.12946905264549,0.913600257572066,-0.593254668341304,0.644194479952103,-0.927436829720283,0.265347228647571,-1.47635192241879,-0.239193553465985,0.046451385587543,-1.27457881894264,-0.831222468198997,-0.109817373876558
-0.309583183775064,1.2469033378465,1.0444514908831,-0.698081195292678,0.727475422990324,-0.568214286606382,-0.802512178257288,-1.44826324689554,0.254340245111324,-0.901137105017799,-0.0869683560037603,-0.102749463772033,1.83250380370845,0.133405395658346,-1.29824136452765,1.41672893120882,2.26199366742646,-1.28289252841569,0.798450048038821,-0.340905213723952,0.830301837558657,0.806993194122978,1.11401008346157,2.67925464053946,-0.199574207224089,-0.256491980501082,-0.954508771504816,-1.19690552322758,0.0805578421359367,-0.450207552490886,-1.87908103243746,0.905855961631975,-0.956013341592134,-1.26327842056653,-1.71710967484789,1.11266874238827,0.336215657114908,-0.898056913010772,0.347350113558081,-0.383748845403685
-0.0448365552441562,1.72228912493359,0.460576175511659,-0.583941088193926,1.90797084386144,-0.439547507800579,-0.153742703862512,1.22567266059837,0.4459307283588,1.14849511031623,0.0743495524814693,-1.06159218901963,0.73827354510979,-1.33090105759542,-1.41737832264165,-0.848989679520226,1.23104321541588,-0.28725044254838,-1.27920514873974,-1.61179929152752,0.800757060918629,-0.749878964861183,-0.089433797595377,1.53393655040856,0.436377713559105,-0.305065775360326,-0.10544557488614,-1.11472806696173,-1.69939758384474,-0.781923961458365,-0.557208894687405,1.44412199049339,0.341246057358938,0.700117480484477,-0.586948862395257,2.14051199199495,0.112557766406648,0.113480581248116,-0.342783428953393,-1.22420537198954
0.147705161752685,-1.5220459762913,0.000369773273253766,1.78631833448716,-1.88345420641637,0.103285579813279,1.29214667844078,-0.252496606188209,0.299196572212746,-0.316221267849316,-2.80714312914313,-0.182568978431876,-0.932742981782273,1.05435783477448,-0.0485244282265946,0.170785866686698,-3.04485512938109,1.84309970628038,0.101432750867985,0.389700398558483,-1.31859466274627,-0.302576137223443,-1.43655641226175,-2.51535139895373,-1.85894155804888,0.806834448188636,2.63560554108521,0.499565184791934,1.46722197979762,-1.09660584786487,3.00863700530059,-0.891071767894991,1.62404568352602,-1.08406430484007,2.47553724400026,-1.89945542483134,-1.04176731404886,2.6338475402536,1.80519513181429,0.398484764837537
1.38767718706415,0.308252805481395,0.363981379460421,0.0386874227890126,0.686258887316004,-0.569341738608604,0.5868802816961,-0.331975747307848,-0.121854970821004,-0.265782156383644,-2.24047927530495,-2.16516719501653,-0.208176655475032,-0.979777565061851,-1.71745167095101,0.506118924969604,0.566256384331862,0.0518649371094019,0.433047082422138,-0.730954638854818,0.169763488980324,1.47212223421974,0.165231999130732,-0.648807159184512,-0.342052842022191,0.0449104021006684,2.16024600475973,-0.574166468422151,-0.404478662729331,-1.74432399920052,0.706946569639806,0.608657258281406,0.594109887897812,-0.0322315467078793,0.275061496101226,-0.09104375754155,0.556580052746183,0.757341481823505,1.09370170644727,-0.363683960023524
-0.337516869114878,0.978191280906036,-0.390172141448768,0.252265087998378,-1.51143772679844,0.628687090013781,-1.00114556436768,-1.42318705499345,-0.0171307249535266,-1.482609870288,-0.286782773903986,0.191959132594341,0.0588809142919054,0.373362675127459,1.80673921872988,0.643763565272442,-1.32825572506468,-0.263626757503166,0.923655942669113,2.19778468884485,-0.374334947592004,1.26268562745984,0.627205655183707,-2.20946863922682,-0.621467335079473,0.156776716392423,1.29365368279528,-0.338437324214458,-0.0524441337963702,-0.0945537979794572,1.54833173760249,-0.291369019361233,1.36097307287372,-1.03234317142499,-0.450077657939377,-1.63708174656877,-0.919943444826739,-0.0319827255544788,1.69261915535034,0.124360040186013
-0.933741078032255,-0.50041625734189,-0.707988496884413,-0.128436261957372,-0.11817156081449,0.384699729108799,0.259306772071634,0.771161007683191,0.570717930587987,1.46311374293664,0.64816270096647,-0.118382398613347,-0.252457637803795,0.259788356461012,1.6510725362105,-1.38865295260725,-0.365843133545959,0.253280721445792,-1.31133248196231,-0.655101313564883,-0.595955929108759,-1.79426902635596,-1.85129416341017,0.0514578279407178,0.297438966337039,0.17475266463589,-0.665230976276802,1.73935254072423,0.192081883548318,1.14432513396727,-0.147081535149748,-0.734201139503406,0.16776456579593,0.567825997643908,1.50841426996724,1.21623751278449,-0.224195146520101,0.166629439741215,-1.12489186594937,0.158908933530814
0.984244708696059,1.93956492787501,0.661370970614817,0.379087548181019,1.74167737639225,0.151849926909576,-1.22054871402698,2.24466474879945,-1.44413227275376,-0.390400305256357,0.802249279999566,1.50693086880407,0.0794334698027273,-1.62718226832283,-2.31148741375606,-1.23851025880911,-0.602348239556625,-0.168979659170716,-1.33692009322323,1.41401818287037,0.122933770761862,0.927951694146299,1.67180823631267,-0.518721876750452,-0.156412354768466,0.00522469017422801,1.30128043136456,-2.77762769108357,-1.96415030313885,-1.01799815732539,1.3484610829775,1.11594424239475,1.49088669013307,1.08412902596603,-2.0288166499867,-1.2067533183092,-0.358081095030908,-0.673722741084868,0.838833382948555,-0.800181295114523
-1.12743939459591,-0.861390995309326,-1.15579188508466,-0.419899698140773,0.147252962392857,-1.13319035474244,-1.42526322200368,0.976265307382634,0.677363243242269,-2.45382434552871,2.43393243260383,1.61820975806835,1.19830075099984,1.42190318722683,2.97745256538877,-0.492998806404077,0.704461655446518,-1.01288542712936,-0.773874143570058,0.311704170462875,1.71918242324408,-0.00469136688663804,1.16999810997858,1.42987803229076,0.475986261306057,0.0454781269610555,0.792627521610242,-1.93177128512097,-1.2237859612355,0.735628351324741,-0.44386728538889,2.97919120659207,-1.13560473566791,-1.03247795469297,0.741507120206626,1.04996855056981,-1.48333999151895,-2.28965925555283,-1.11470781514903,-2.14085305899255
0.140906081629418,0.305283898049018,-0.620195458252241,-0.680427085574303,-0.197815677289535,-0.832515972202892,-0.456554412363101,-0.366309606783586,0.499570568950074,-0.775467632571363,1.96030255747865,1.03463333597893,2.00389115531432,0.900154869759189,0.554086417126888,0.680877101172412,0.253462961651946,0.130574703921686,0.712723986375139,0.190879296624067,2.0127678591187,0.74295745420953,2.75813546426203,1.52970605747974,0.531655213114298,-0.228182764058137,-0.8864451199005,-2.15993643551292,-1.66250770170148,0.529962832827973,-1.35599914885619,2.78058086915787,-1.62282294003789,-0.898654673353082,-1.76932599426383,0.496207378406964,-1.03719880551035,-1.87337371355362,-0.364636814259774,-3.03042921900315
0.989772128533446,-0.650257483690802,-0.296511221122263,0.00893798535447233,-1.02930878364789,-0.344054796006025,1.67206582629209,1.12151669134872,-0.0125959684422221,0.754626641363848,0.556668272986277,0.140368882909301,-0.319561188894074,0.483921058708103,-1.36199289684773,-0.36681461564835,-1.83179429083142,1.67599164411734,0.805537712181428,-0.428720367629459,0.914016578856657,-0.889069325807104,1.4789831087041,0.0439806177097201,0.338510834490372,-0.935195969478394,0.0809770208104323,-0.285897947438938,-0.0597794487241638,-0.0327095903239348,-0.307593130435756,1.24008788484715,-1.33218204902635,0.749652480797622,0.508094055424398,-0.146032512369317,-0.675593829502875,0.760331569243406,-0.789701544426876,-2.22232675256046
0.454206889241296,-0.507779578069375,0.272342824012346,0.934892483792498,-0.334804848268343,0.335522946608973,1.05592745042324,0.392355321779112,-0.124286578811649,2.07694873856537,-1.10490792527496,0.827314774635036,1.25456217190821,0.665582138983905,-1.88273994252768,-0.828811458102134,-1.91693921433018,1.94325379771929,-0.917806224341679,-0.140354776955766,-1.25905883062046,-0.887505390836443,-0.614155662148566,0.403970170083862,-1.53287660057953,1.057270369824,-0.0468377343020484,0.630625765936188,0.772367071809891,0.280498788057024,0.292018414043303,-0.751920082731955,0.356553768943889,-0.651287334951216,0.328192203182989,-0.645402028944533,-0.520735115190009,0.712905310744794,0.481727485956083,-0.81478265325904
-1.17668880713147,-0.0404091415649135,-0.386588402980053,0.756101596951676,-2.62778735348159,0.122060072656683,-0.395300947662147,-1.04320870692555,0.71483385963105,-1.67442366809521,0.547844346224592,1.94605254225905,1.14559822832776,2.36455811534633,1.7211986006124,0.692896399267475,-2.88216189094946,1.09534208675147,0.783439016421863,1.84490112706903,0.260374547492961,-0.32797583591432,1.02878003677352,-0.601254611661375,-1.20539777805514,-0.0256612516813797,0.544480289431234,-1.03186484212486,0.369132882422188,0.485294364218807,1.19724380745704,1.0021658637913,0.319613256584342,-1.88647548886243,0.174826791792028,-1.17754793174247,-2.51651688672255,0.506267405142612,1.18873381935781,-1.77618956945852
-1.0279290663669,2.02571743258484,1.16663164071078,-0.352034262126124,2.04641345180204,-0.301689195469834,-2.79483855357385,0.401610738457413,-0.540983680977406,-2.59253582926613,-1.50785044613756,-0.330652691030367,1.80765997272249,-0.381960391704166,-0.598076588530696,-1.37822913250496,2.57348551704377,-3.41608094451288,-2.01155732286308,1.28738297891398,-1.30118315492866,1.06773404764781,-1.07088647219308,2.16100670104109,-2.01971176913818,0.711529843459143,4.09035004696742,-0.657676034389496,1.18176701755017,-1.2120237816737,0.0230676468260841,0.319457586496003,1.57134447310566,-1.7375378951975,1.45398767327384,1.05205978027935,-0.111283680488563,-1.5499814357847,1.10658488505662,0.825753466195995
-0.523581435038939,2.21392779105533,0.723042698539577,-0.684271333159062,0.65244825409414,0.848932150313765,-2.10987221287558,0.840499162574451,-1.44595187013955,-1.69873363391855,2.04366771304933,1.35232464188113,-0.469695491717557,-0.66233280326973,-0.601836506953608,-0.99600132501625,0.365985520789919,-1.90124031296938,-0.272192583150012,2.42318392433969,-0.134032695349207,0.256249342126291,1.05424104506487,0.626601697209113,0.488592743800492,-1.40101458988672,0.144178284071537,-0.398236739259195,0.156862690145771,0.473368426974486,-0.544194822648369,-0.135660506269674,0.408247959577984,1.26531129519683,-1.04600745662125,-0.118265757178753,-0.110523535526259,-1.01050511778105,-0.602620969262924,0.490106400813056
-0.302539416769869,1.112021845361,-0.620398279687493,-0.599598843848219,1.29676972883698,0.257398706984542,-1.54350415576759,0.696718905243333,-0.191237303464828,-0.12516621411162,1.97461914187824,0.309657564925615,-0.542321260047783,-1.39770076205782,1.89757860228344,-0.556594141637795,1.22197350026308,-1.29887315580064,-0.882785698900833,0.46468132360377,0.603179724983294,0.51814892180612,0.265907951205056,-0.80553983432923,1.48553995375518,-0.0744202794992561,-0.838579214954922,-0.837773741163843,-2.12852566957874,0.54300313427353,0.210050810531258,0.335016679732758,0.690270203613772,1.1468108515244,-1.51319872114994,0.36521272474068,0.372595456841586,-1.57194649806353,-0.462123226544487,0.481421317590828
-1.37014117674516,-0.378418022713653,1.4726273371753,-0.0349371804029032,-0.167466342688877,-1.21906608618401,-0.0727326661308229,-0.0242413561252463,0.594673194208925,-3.12651356046191,0.458398474360294,0.542947078368948,-1.41604641197652,0.572812526686606,-0.430099416058679,2.14465709107596,1.80169547103121,-1.32658575801795,1.5766285514667,-1.23914279596931,1.9292818241209,-0.991570777829851,0.418205086839208,1.87940155916031,0.876069209045943,-1.9071886701436,-0.92714857234547,-1.87408507250137,0.819575858914601,-1.44238682104778,-0.483340531908635,1.23090921207256,-1.35696560224136,-0.142732610232788,0.230115491203335,1.23855363960784,0.102474216411048,1.48280201529449,-0.572003222784565,1.09183115059924
-0.0632541678617731,1.07371220699619,0.860546964845267,0.532613916232202,-1.13853662517617,0.839169475427102,1.0523555419784,-0.53320711594041,0.0668696790325429,1.61109720974873,-2.00945966710934,-0.774121930237597,0.596580442425687,0.460780299267262,-2.27465514839752,-0.520715385324838,-2.20236158349387,1.48876299593612,-0.0725448512925317,0.196647564434895,-1.412198016074,-1.22491303391062,-1.1765970200446,0.0896557012964534,-1.55617145984748,-0.238721208573795,0.602056122593311,1.52099745187212,1.48693697728337,-0.353621994666832,0.46305100331844,-1.16371994507049,1.14908916214322,-0.295261978685615,0.920495905243718,0.159275270923082,-0.771101914378918,2.4002386777776,0.948108661078387,-0.670529050092383
-0.590301430957452,0.436454047045139,0.61303791166942,-0.271171450193205,-0.92083241703357,0.367381682394876,-0.85937774049206,-0.981063324015394,-0.589140005087212,-1.89592846779901,0.75665401999652,1.16069046432647,0.165593462137774,0.908086494274594,-0.221848977787643,0.776869143221038,0.124794682376444,-1.0442631317721,1.34602428207921,1.68812722167356,-0.0665979891653243,0.390856850565414,1.18047892602625,0.920809106661228,-0.262918467010617,-0.791515865700628,-0.332001978238511,0.0448192245026242,1.5682918047254,0.40781149313445,-0.998628761124076,-0.332242479116932,-0.859874802069709,-0.572068798561342,-0.45761406316187,-0.694429794298792,-0.168709773643279,-0.479366404192238,-0.0930756663323446,0.608212178851867
-0.501743909655817,1.14033862059592,0.551155898280379,0.233388358730966,0.730755256522211,0.468878265747658,-0.828512226235878,-0.600063318560081,-0.0714388590799214,-0.0900683842327253,0.324441693808004,0.281682058698487,-1.17842516257262,-1.50515008942456,0.585684270467185,1.52628486929064,0.944034944812454,-0.363779513091743,0.355301603187113,-0.183495818362575,0.343805824982019,0.569628257516807,-0.125269370106601,-1.51583805419115,0.981554876794606,0.0577990035978826,-2.13970670803711,-1.29298493806395,-1.6352521089361,-0.600235613407121,1.05130150057664,-0.909797228125961,1.44719754626976,0.642588850150778,-2.83265167337114,-0.691066150901488,0.873957127153452,0.556039896920696,1.06243921550364,2.31885146716192
1.06969596230928,-0.47572428491812,-1.02120226850781,-0.375100774396146,1.10283206104615,-0.160820025326922,0.547664967533115,1.22282359996623,-0.10481808195439,1.83587420951426,1.45706653967828,-0.108807543191181,-0.219634033772204,-0.943266007644392,0.191366107941927,-0.866272932409429,0.0845700992499635,0.848172249547414,-0.848681775672469,-0.92188764390057,0.74781273364197,0.081674325415468,0.576670928101729,-0.409728312494794,1.38030721475871,0.259982838611181,-1.20051726001531,-0.275444224999774,-2.15535149637272,0.715875183290986,-0.401773814252091,0.794451346108993,-0.532504643667956,1.58860309720838,-0.992196297032185,0.342519316993459,0.425855644858881,-1.02320550295092,-1.1214426987165,-1.14513451876617
-1.1125981922944,0.351534599049278,0.226401750848775,-0.20695941814119,-0.0659259230810934,-0.55433513466593,-0.62356772461935,0.369552417820149,0.497496979836022,-1.03433820489546,1.1241371905293,1.29439509984242,1.7679887945555,1.37613327373297,0.0360455459366379,-0.249804622063051,0.0728977424016976,-0.170596134912307,-0.497653442794163,0.00486480097924877,0.871005808354703,-0.899916520386571,0.583058956245136,2.50664458099555,-0.387866416519458,-0.366571851149431,-0.1786702578599,-1.14150963221098,-0.1268159832796,0.266542373076303,-0.939432910527395,1.82762430673889,-0.746737017689652,-1.01028221736688,0.145993831242753,1.43087772643157,-1.38443185793509,-0.499629098936237,-0.55345969393354,-2.03092659473609
0.447344317325128,-0.200512832739575,-0.52535223176939,-0.0551922287843814,0.544796759679343,0.323358229428057,-0.271736140685349,0.137965244042447,-0.371024552145325,0.785393027182373,0.536959281396447,0.142981041098803,-0.0935209763038201,-0.515035229327725,0.607472886593327,-0.489284613298991,0.162439449459883,0.0408783729730419,-0.619718195228835,0.255468917151118,-0.347354785727939,0.509840611109801,-0.258388957413621,-0.683141228744682,0.442426463002116,0.503812770348508,-0.512920321305738,0.456869225145835,-0.69998242166577,0.695577967117312,0.0596393397940248,-0.562801447742607,0.299930880086651,0.576423931778979,-0.586005074356492,-0.31999466419231,0.434246071224329,-0.892065376563666,-0.248566866743336,0.283977155527729
0.5060035797426,-1.73648806710502,0.848033993239743,0.35547014954092,-1.00010353865114,-0.179625939881804,1.00677600651687,-0.782006155153288,-0.634556097460007,-0.555693326118894,-1.78379792637856,0.196399397954657,0.651880963891689,1.66856184610537,-2.23905088560181,0.102376675197759,-0.0617429040308974,-0.095118514468376,0.83460674392257,0.440624540070405,-1.34826479868457,-0.033337543509275,-0.398538343751418,1.89792502665476,-1.70576642746678,0.146339346087377,1.24439044149647,1.8980779209736,3.81558015253543,0.0262887915776982,-1.35299862752452,-1.22106570555741,-1.59363188025084,-1.38255596714074,2.26138007212906,-0.505308611970802,0.365130284888671,0.225951981827337,-0.308442499316322,0.456560182305454
0.520859422361817,-0.200814705153037,-1.49042237922544,-1.09601768890668,0.811902299334935,0.0507076358450824,-1.20231800154332,-0.0953139341912529,-0.369111944566276,-0.397750145762364,2.11461093957776,-0.205384613453481,-0.333988468793905,-0.79491028084489,2.65329801009679,-0.379861012419808,1.59169249129746,-1.46951776163769,-0.069639601352883,0.781448822499409,0.61387544284492,1.65437762302955,0.994702517524906,-0.851226421408876,1.64220280504853,0.197437277328571,-0.390522062727823,0.175668146935888,-1.47275583537359,1.33225032207701,-0.860103228036156,0.361680246608413,-0.709707427576703,0.889997346861394,-0.914865775348352,-0.142083906409203,0.798580054955584,-2.91471802469248,-1.04854334538868,0.169373922508216
0.739830786112377,1.2765919061601,-0.318896473204091,0.163501677738116,0.624869916269668,1.1844452168045,0.39576368491789,2.25774627926921,-0.824818520005724,2.73011566578049,-0.830870431090153,-0.923850838091872,0.184961576250258,-0.835843006416901,-1.76584382563178,-3.79569563332517,-2.58012192528309,1.27501957865089,-2.71952967358471,0.703209076431567,-2.08673593326685,-1.2633447622882,-1.61219043198527,-0.753216618122129,-1.12856240116539,0.279641480175046,2.54715163223428,2.08278923648239,0.0934179341617462,0.4414516367237,0.944411479303629,-0.774492018961128,1.97057421491752,1.58945608750035,2.08274527019179,0.347478226818741,-0.727004327904522,0.820991951468783,-0.251242948923537,-1.47664951450321
-0.105220526165016,0.789804599957154,-0.5096045149338,-0.476762952033922,1.12641307277785,0.00180915484003671,-0.155056316906285,0.681430399676293,0.48380023806022,1.19208596840926,0.328332711899536,-1.24446680505816,-0.347633412972174,-1.28155961115825,0.962948589452651,-0.701567006831917,0.809940402749835,-0.2153996087905,-1.0126077038083,-1.10990271536577,0.381677332882322,-0.348909710926635,-0.851523197096537,-0.53367935015838,0.992115778027801,0.015649874377432,-0.35015286134813,0.039637523974622,-1.75382647769352,-0.0580675355590922,0.272111401047857,0.305298548595652,0.785630097501242,1.01208800112758,-0.220364613171961,1.3210585548261,0.331560605146918,-0.0717884318512354,-0.356506275747407,-0.140430255392576
1.14359328580485,1.06732796713828,-0.633691163396912,-0.869216755514688,1.66988269660991,-0.402363686719182,-0.361663332851855,-0.557754158435701,0.235661918901201,1.05468592299832,1.33525702980327,-0.914004040783805,0.236612873287395,-1.96226999238453,0.597507167663942,1.15214973538905,2.0359072303062,-0.246003481947963,0.42272174881405,-1.07564738669668,1.85638491446976,1.77994982991086,1.57598156096581,-0.642407016969257,2.1720086543245,0.0867822309088946,-2.34652124782633,-1.84172248760117,-3.69147752137836,-0.114871540471217,-0.525969500163074,1.25021886957134,-0.186189815499124,0.994710593523961,-3.69191839160324,0.541058196873418,1.08331468338349,-1.58697322263413,0.00606812540832551,-0.730026732533562
0.54708251203305,0.510470143409156,-1.31334541579041,-0.605786239066057,-0.416572839622621,0.253155494578336,-0.222787040556509,-2.18009073076872,0.708770438003,1.14251149856395,0.628079543489617,-0.93535098689199,0.899023000050556,-0.45867449909999,2.43234144928757,1.25048014901199,0.500312813038886,0.188893630998043,1.01295368725415,0.119297708968668,0.69842630483262,1.6766818443285,0.854202886158345,-1.55279727266632,1.09358731888051,0.643532543828337,-1.81064324524188,0.0041015796985345,-2.07776174359753,0.89251189420385,-0.232912330262323,0.0602290711000864,0.0340296755279932,-0.442171339830977,-2.40433465671224,-0.228268045565094,0.267961637322405,-1.47835926184653,0.619916362607556,-0.707168459487095
-0.850776903885139,-0.617336271751014,-0.812566250598596,-0.70704334561912,-0.0131395942131602,-0.585084819933781,-2.13173019048034,-1.86783905528075,0.313518704623715,-2.79299084046448,1.18425343132371,0.770271988675636,1.38118195228291,1.06104080599552,3.41667084498924,1.20422808507499,2.44437515608383,-2.41360529985412,0.570330144618855,1.22449351204526,0.615633143472423,2.0998368132586,0.883696499872243,0.80272009720533,0.143984151091917,0.757792117474743,0.1412353043255,-0.659290821067228,0.0365422278901478,0.953861479118143,-1.07279477136492,0.710868642476525,-0.967033619372755,-2.00156432237056,-0.556609536549164,-0.108283467678624,0.0388082732833796,-3.20595260153691,0.0729941386655348,0.477226453359384
-0.477355330845928,1.41194922382834,-0.549502834307304,-0.694307920834605,0.794486242664312,0.45898759632871,-1.6597430724174,1.07253483051864,-0.4145954352641,-0.0655501607473807,0.935307036557756,0.27648241739549,1.86855877338121,0.331793846833667,0.465467827931398,-2.84527957613097,-0.244002432492165,-1.11723525822879,-2.22786917124539,1.63044410956461,-0.94321204283792,-0.17270441516128,-0.28810603633812,1.41688513489892,-0.864553532794261,0.227103461459898,2.20303979209526,0.795616940721832,0.0840150723605836,1.18208737882409,-0.681704518895216,0.742411545312193,0.561731492374118,-0.111154149652134,1.37141949785515,1.15639817588897,-1.14600510762693,-1.91235625165361,-0.689438119955188,-1.88906867249701
1.39693961723241,1.91735627592509,-0.333849696464453,-0.534070069937852,-0.798925706030012,0.912018568685241,1.16739527126707,-1.49677462091545,0.178075453324838,2.60477319948774,-0.779826500090247,-2.39234906447128,-0.560635946100495,-1.68963328320785,-0.625854267253158,0.95338163777068,-1.01742646353496,1.32336235766362,1.65262563385293,-0.21013564332641,0.173203330434296,0.853597261899334,0.82547317280552,-2.61014964423173,0.91237793194239,-0.521937369838987,-1.27361543060714,0.645722985196466,-1.54875827693581,-0.279027766936919,0.367589770345746,-0.829894917509269,0.905203201765102,1.18379712919477,-2.36088135155401,-0.602535445745882,0.58424433081958,1.13626022336671,1.2264583870816,-0.442907444193303
1.45277405697451,1.05217557273297,-0.202038711315332,-0.297547442455071,0.456822193470297,0.463556181377983,-0.189765342567838,-0.32599607312121,-0.824341057987512,0.338617879420629,-0.00421283212186192,-0.840673095921796,-0.726859656996931,-1.57460050441134,-0.611639275107805,0.322837588204006,0.00713247402957065,-0.0388373863230367,0.762472710710822,0.785786751166831,0.124701483776167,1.79986323896125,1.32089684829895,-1.88201142196021,0.729876266201938,-0.139671371136053,0.15117602048374,-0.445654113258611,-1.28636851613105,-0.335655776839984,0.453599246514975,-0.229885820114161,0.584822339520873,1.06347022589606,-1.85410865045152,-1.30499780143165,0.802581155725872,-0.482481644731953,0.668850425771206,0.236767588541722
1.61396015212933,0.78062815529033,0.0267501460931503,0.75988368049948,1.00172874322243,0.807710781384427,0.14706907793364,0.586053535121888,-1.05571494242457,1.86968600884153,-1.7275765497534,-0.607785101339502,0.111548321849243,-1.48568343409492,-1.85423167391246,-1.29031784642384,-1.30551176853218,1.07814140151283,-1.40510921961037,0.733147554643221,-1.67290808039389,1.16616742355622,-0.582073031987967,-1.99906259072276,-1.01353908215828,1.33588839617842,1.66361104979843,0.261779892854103,-0.818848903043756,-0.575246480020004,1.71566063389065,-1.11413949394064,2.23210961259174,0.566514483465291,-0.562283463962481,-1.55828104309604,0.365777680754466,0.267779794305165,1.46399057223946,0.11276884126794
-0.89618326516049,0.492303971539185,-0.626208096800523,0.329445205918574,0.0390747022474372,0.189278169050597,-0.999961541122596,1.51297453907722,0.0774013309169531,-0.47115461314275,1.80707334289537,1.73537817103621,0.206564625852152,0.314240591035801,1.49877681381358,-1.15278029146861,-1.5266750866513,0.554546173175664,-1.39483141133491,0.823411667193368,0.463691260248518,-0.756477244648487,0.296755223743725,-0.553962848192056,0.160183046733445,0.0400497990208661,0.143474852172316,-1.37337767776477,-1.68035178247999,0.538429061911671,1.21788366757409,1.25398172648469,1.02205255109877,0.347630667179706,-0.27302420138557,-0.0534253364590007,-1.54712397810114,-0.291653460238032,-0.147914946187417,-1.31695550844222
-0.0141041024539792,0.851447431213068,1.08205789672638,0.162999266314427,0.310408390887736,0.244691132900244,-0.353998974484702,-1.56654499201587,-0.105689525320588,-0.610968755777312,-3.24569247083507,-2.12459271352571,-0.00903683291397902,-0.554846807977294,-1.05749536960563,0.390848078740901,1.22931974417782,-1.43571730414346,0.112592868779154,0.215249132035663,-1.6789249202976,0.947754688035631,-1.86919558282517,-0.162034965870346,-1.45141842330247,0.407913408268442,2.28921046720928,1.35800657223425,1.96777334207626,-1.33632744194771,0.562534459557826,-1.73355579535426,1.39980229550675,-1.05576455060645,1.35518356266958,0.0687303347509275,0.874850880089646,0.972934511173549,1.55075400611813,2.04682500394813
0.611549753524162,2.70627017930316,1.38514039211656,-0.958479226506254,2.10496570436422,-0.478659730620652,-0.763368286520716,0.310791592907167,-0.406224343251799,-0.621536374476627,-1.50831321365693,-2.3126488719995,0.695664900072529,-1.66978195598087,-3.12814978621896,-0.472002200956347,2.22959293571869,-1.83268876105145,-0.456038094032996,-0.472677678510238,0.253822369367366,0.926919998167877,0.251683409419343,1.85056368163502,-0.319208842754452,-0.890546418423167,2.26443566360897,-0.882486652920582,-0.311294967994823,-1.91038549887352,-0.752153990724528,1.15921976383243,0.639482559368796,0.412323957303297,-0.124761153208392,1.8444277279669,0.586834228651794,0.136761128345307,0.533063589549982,-0.677430788459186
-0.453406097056011,-2.29032284119533,-1.01525216271098,-0.0966669065984185,-0.982515840440436,-0.0290717394330823,-0.102236246929165,-0.119811224417968,-0.0770280881103835,-1.13559749415864,1.21596382407852,0.93412519707249,-1.06632628600703,1.0909085578903,2.69433995118746,0.0540199805951132,0.21435177483377,-0.66918727346483,0.574975019072929,0.622218229461644,-0.183581725949137,-0.0315093798015407,-0.150097458892952,-0.549025639108453,0.507959840651009,0.177379123991292,-0.274829426117366,1.31467347730293,1.3947432024252,1.36695730478103,-0.477518371731612,-0.821715198825985,-1.41203387713325,-0.127290819868043,1.45850239232759,-0.852584251191268,0.35573026065446,-1.21600108750283,-1.25545494195133,1.41949694891133
1.76222950343302,-2.11581789543184,-0.983435540063357,-0.283974532954444,0.0252147573349421,-0.555939770139286,0.476737857141518,-1.3223170575835,-0.384181120087174,-0.317647014032944,-0.811169226832662,-1.02246973845329,0.250131872441667,0.221330796862779,0.660526060806887,0.554787955739913,1.35102664839729,-0.620623581071409,0.91548832446535,0.204452228100975,-0.267547885571864,2.41463319503509,0.563903964769044,-0.469517227560206,0.0633131709363983,1.0522389971023,1.07540251346779,1.0514746583214,0.744716170783695,0.391081584970152,-0.869807617977671,-0.332407181183493,-1.51539222294066,-0.747389652274644,0.63302656916675,-1.02794531816949,1.24835878538705,-2.07334292426868,-0.213037823494028,0.258185542823954
0.307176673816307,-1.52070257229489,-1.46848650889437,-0.600215190331836,-0.0919038077609294,-0.45288053045696,-0.0998274806421793,0.908136288082682,-0.0640058980721002,-1.1187844606882,0.849366322465108,-0.560304923540728,-0.725567632989877,0.361112628566047,2.23208931950953,-1.09416800214582,0.309731640833232,-0.738315991514885,-0.157515685952085,0.251289352892759,0.312286175006574,0.468628239557236,0.280796766738517,-0.604301498309971,0.581094644265172,0.025917957384785,1.95478089310632,0.746450200956398,0.140085749160153,0.644610518986345,-0.252962491497894,0.837374017038953,-1.04524174433895,0.373275295625247,2.21837199460608,0.00335120686147704,0.013400218761067,-1.48795822435435,-1.31186839005567,-0.429148468153082
1.14755893250105,-0.279591713069759,0.283204796001868,-0.457016357108497,0.926266141758834,-0.776519700721031,-0.00542206384501257,0.441797277706587,-0.689566855528167,-1.99559792756358,-0.9979617013906,-1.62041857978722,-1.53295998463954,-1.1276267770855,-0.926796029930456,0.459340287520283,1.76094957441607,-1.53238124935343,0.918409856089456,-0.200883607516967,0.5347488905616,1.70034605969363,0.854902249810122,-0.512345290241032,0.445763699666979,-0.555976442788213,2.46837754516869,-0.716360735943912,0.245042340472559,-1.65024418251867,0.114346981770462,0.660785210254217,-0.46203241862579,0.643934830614241,0.774913706856971,-0.429866898572899,1.18225509956818,-0.213969341880222,0.0918486696629872,1.00198689938563
-1.81377661989439,2.86649909159345,-0.105775155677684,-0.527024582835056,-0.552211312199645,1.40602614369286,-1.40160996653104,-0.224421428534995,0.372573536329636,0.805712139521855,3.09127348858826,1.32243289526782,-0.51979937688224,-0.746357250586985,2.21400131696321,0.0908928674922118,-0.815920991412474,-0.112262753961863,-0.0311195701207727,1.07342142829838,0.675672312762038,-1.42048162328404,0.186151546714242,-1.02448883824239,1.70247134781937,-1.24989034486486,-3.72366916609894,-0.43425753102253,-2.13548850072142,1.28429438678766,0.288941966374395,-0.505516055290152,1.32280339820711,1.40201116633375,-3.02910700879169,0.658323803823915,-0.785577105979403,0.327789434100561,-0.164099933157708,0.212639753129615
-0.0843352328346991,1.49510084515414,0.291573286235578,0.0121185788538663,1.97949716682404,0.174700985420738,-0.323400291127717,0.642168623760727,0.278280455718275,2.04725782701973,-0.48531167230497,-0.796186536842721,0.223942227404206,-2.03024101871653,-0.271047880308989,-0.284980182500773,1.30569505407247,-0.000123651749085499,-1.59595652567117,-1.47214395225054,-0.155151328879575,-0.147613967129865,-1.23610413178063,-0.45639425289827,0.396461595021084,0.922220781624042,-1.07966353449316,-0.809139620411239,-2.26932163759434,-0.75516806232625,0.722150580448917,-0.397867867317092,1.84763809300908,0.594270059050717,-1.83708851701064,0.886608975498231,0.787395987038122,0.190738338382527,0.837831063025558,0.838298239854793
-0.192701349712858,0.288725290897837,0.837865820771276,0.28434989287571,-0.25639025196219,0.444487046623016,-0.0291249041838239,0.324269833194851,-0.67072849520608,-0.388637153027815,0.441426487815229,1.04844367869503,-1.05404807453014,-0.149079604305734,-1.16155978288061,0.331268962895986,-0.512328585480666,0.0469596877268455,0.553855733794318,0.59025100968071,-0.178679653744836,-0.495007724148668,0.310476291992338,-0.0905527427208422,0.137724068567146,-0.748987687383226,-0.93739048055762,-0.1195028940881,0.739424882765512,-0.105213354238787,0.111858915484375,-0.855547823227967,0.00608859800613395,0.727960619532452,-0.651444606136719,-0.788254172046533,0.242414359709914,0.846282323009158,-0.10456059100771,1.17999769065151
-1.00665080362537,0.17392369685714,0.270866100225761,0.675116828238654,-1.13630486311201,0.633381021281505,0.44067302786157,0.385905334591416,0.304159024682738,0.762382722609869,-0.132895104369741,0.784213660714107,-0.160860430127615,0.830510550872645,-0.0407082926820513,-0.686035747043892,-2.13338939309826,1.19203909391223,-0.641735029869778,0.261960055748375,-0.8078270715977,-1.90607022591797,-1.28040514195268,-0.233424430385006,-0.73023064184423,-0.22836019413251,-0.30280911516612,0.830099044820403,0.783060678551886,0.348253996148321,0.877854514082906,-0.777639405410678,0.922410905779737,0.061365622666377,0.958420770394913,0.121819115335373,-1.12059782574665,1.76808862201542,0.158964699096793,-0.162683404122556
-0.953890072917765,-0.493951087321338,-0.20267175259904,-0.252057331956674,-1.03436489790489,-0.584503426710285,-0.858582812851411,0.601815943382435,0.0325538138955658,-2.25374330798246,1.6380620426448,2.17113165435621,1.93542405337759,2.50282365325209,0.382764533558787,-0.881025171000652,-0.804950196921595,-0.525466316795586,-0.132459758026738,1.49460848652276,0.571230959405494,-0.626984753546409,1.56745195286024,2.7029763010447,-1.01543720141397,-0.468592524970988,1.36698933712245,-0.711942390617749,1.3620215250564,0.959342050855322,-1.33248675097204,2.10108294327514,-1.7375696924849,-1.5167285011877,1.54481256878417,0.462046657727531,-1.94605850235072,-1.49593982269068,-1.01227181901176,-2.5766499086921
1.05189667053632,-1.8420185388884,-0.558727933266755,1.10547442011452,-2.25282105910756,0.171855865438629,2.00190940370153,-1.54886339827227,0.37943543290936,0.592610992922044,-2.44681901386805,-1.19163325915624,-1.32991049339984,0.493857975739161,0.593706713514812,1.47421370061782,-2.12237687894974,1.93209443634365,1.74553268001802,-0.131727856666233,-0.731115172386129,0.701777684319606,-0.589244171748667,-3.33895352107183,-0.60221000500604,0.64029733563422,0.813192755348667,1.11356332627099,0.920521601167604,-0.654951407535603,2.01009654871346,-1.44796774195687,0.573632116365025,-0.6343751599266,0.938187990917522,-2.223576100558,0.0820632564519178,1.96808146502782,1.59305809689688,0.831832622538505
