"V1","V2","V3","V4","V5","V6","V7","V8","V9","V10","V11","V12","V13","V14","V15","V16","V17","V18","V19","V20","V21","V22","V23","V24","V25","V26","V27","V28","V29","V30","V31","V32","V33","V34","V35","V36","V37","V38","V39","V40","V41","V42","V43","V44","V45","V46","V47","V48","V49","V50","V51","V52","V53","V54","V55","V56","V57","V58","V59","V60","V61","V62","V63","V64","V65","V66","V67","V68","V69","V70","V71","V72","V73","V74","V75","V76","V77","V78","V79","V80","V81","V82","V83","V84","V85","V86","V87","V88","V89","V90","V91","V92","V93","V94","V95","V96","V97","V98","V99","V100"
-6.55526397442058,-20.3117130412791,5.10183368574026,12.9093967738304,-11.8895830281728,-10.03726465179,12.1739839883518,-17.1213293761951,-4.73271517118942,-7.27257493715067,1.72022270471672,12.0948767126781,12.8238165116696,2.79939254441031,25.0871175716768,-10.6355393969523,-19.721890971235,-13.907328889572,18.4028471744754,-1.27777533432168,-5.16392585584214,-0.691759043744687,17.0608863172029,10.5586994808116,-3.24563765663359,-5.2924912935788,-19.7934539535553,3.78760037518176,16.6689447184505,-7.67182798011156,10.4570325810437,12.295163319574,-18.3102459317133,0.198582080045194,-13.9244160786328,18.485366019361,4.30969575069089,14.9199866801508,-1.06520903054362,9.9580170369194,-6.61248303402546,4.19007054661974,5.11897932219232,2.92390510109544,-16.1699246179775,13.2038500886238,-4.57705771889311,-0.8304438360203,14.1821606632434,-16.8418535443049,-4.78940469308088,-0.859066014978616,3.75320850975284,-5.15523370259406,10.9117199417687,6.30617720062371,8.07555365092711,13.2087203105498,6.23710824709573,-12.0571624621372,-15.7049188118248,1.30062544623695,-4.59694644832535,-26.9845992308902,-20.118440333427,7.31772303731791,14.9837043870061,-7.60204687527013,-30.5485173981082,-2.01425308949535,3.49551308564166,11.2936197665987,-6.72076936005686,9.36263466711346,14.6777499363229,3.95539912288492,-4.83668659466768,-16.3773166734523,13.8557340114841,11.5785195674242,-13.7876565984236,2.29253775261967,-7.54972633855347,11.2597001810967,10.322081085473,12.7199845189208,20.758946601325,4.99779015153117,-9.26435828786105,12.5159506826984,0.277582950450551,6.8417864920365,-3.35393458863407,0.941607373893811,-20.4077364588956,-17.6765220286236,-9.29306944107224,4.0927204535877,11.0803870603661,-16.4951401632755
-6.48131410065933,-19.9603030545049,4.6428391749474,13.2105943737091,-11.7232109824295,-9.87110920973286,11.9521271819085,-16.9927136409982,-4.88067006185576,-7.53192651924186,1.9549620306569,12.2306780139177,12.4450311271295,2.67632632524161,25.0617698535191,-10.8144525126456,-19.7703774982518,-13.9340969202543,18.166765082764,-1.58766659654782,-5.13986645918992,-0.71190822189744,17.0629807516387,10.1393781892012,-3.0686440331602,-5.76768512678027,-19.5675517694142,4.15741949126317,16.6450297180607,-8.62296220783775,10.7322186715831,12.8232160849555,-18.3404945504226,0.117909858150711,-13.3955179123463,19.2108278711198,4.12825122703437,14.7845976721479,-0.0946674912398536,10.0670204298589,-6.51843652593151,4.59836460363986,5.06503621328201,2.56659783817255,-16.8804006768145,12.8085072869988,-4.56451776060593,-1.03850715219103,13.9170392905092,-16.9540661617947,-4.43758085870118,-0.508315369042324,3.93535874374708,-4.45193120381074,11.9006728534818,6.27256083147984,8.246867443407,12.7622026742034,6.13373235396193,-12.2132639593469,-15.8703414698846,1.66566325806836,-4.65368862180477,-26.4744657083413,-20.10890151897,7.11277535494608,14.9036261680131,-7.27018020825561,-30.929653897914,-1.95527456565876,3.65058158506131,11.8231799351137,-6.3049501867738,8.81649175763757,14.4837812338887,3.47583032849232,-4.75663551432506,-16.3070921552634,13.5316629722736,11.4280428403549,-13.6601637603681,3.29184888390774,-7.65088660708271,11.473639772162,10.489625791021,12.266902703406,20.0353822694615,5.17425159659287,-9.57719209888082,12.3579004279157,-0.347878359144054,6.60325026697946,-3.74250294317638,1.15660577186752,-21.0164856389691,-17.5950820389286,-8.98259556030292,3.9341752051388,11.1094182216911,-16.1733902139915
-6.53029317608113,-20.0146515646644,5.569721491697,13.2773592495589,-11.9689937876709,-10.4798545683509,11.9760158400048,-17.6411202166687,-5.30107329881106,-7.24033097932851,1.35049575534052,12.0774005698419,12.8303111000543,2.98416089082157,25.0149971849037,-10.3309238737309,-19.8700964020722,-13.7264510263095,17.8109195137573,-1.26706115048934,-5.54684958524663,-0.531961023351028,16.9839194217227,10.2832722481168,-2.94850427332664,-5.39958506224295,-19.8394042536163,3.28999324422065,16.3855734061037,-7.99441793373271,10.3149705502234,12.2744994800995,-17.9932139889585,0.784900072621822,-13.5296050403477,18.7741059761664,3.97694397327859,14.878629597378,-0.591737100815754,9.62597090105682,-6.6304913146859,4.62210660453325,5.57560298798793,2.68169427756026,-16.2760319203331,12.607730397858,-4.35046590034589,-1.16801267031011,14.0064164386226,-16.9370139557427,-4.34942422218301,-0.270573897964343,4.3519810620689,-4.68187451417405,11.5705757096946,6.24055861629286,8.70504483939872,13.062311989093,6.32705629099028,-11.8627141885099,-15.8242630815626,1.36249576977565,-4.2892878764308,-26.9829754124632,-19.7052304067529,5.93609090342606,15.003898524977,-6.42970063626049,-30.7813648698219,-1.96743407570877,3.45980827722171,12.0166549285623,-6.77064910311966,8.39015676072295,13.872348959236,3.26905107378028,-5.38915888730628,-15.5196212454194,13.5264869019862,11.2921881135082,-13.2055914131888,2.30753813875665,-7.13040517494408,10.7053925911787,11.0767024377013,12.1452848082004,20.3450960229515,4.95014596245487,-8.99634962728452,12.3572890463555,-0.0736231901900462,6.79780648381702,-4.12962127337156,1.38190851489038,-20.134705517907,-17.2977642663776,-9.28215551130947,3.82988821995376,10.8271885322374,-15.8860281932788
-6.24898806320213,-20.8005072156575,4.88252409106004,13.2687911934041,-11.7274483324773,-10.2397208669924,11.918115679103,-17.3596114497198,-4.95212195070727,-7.18805282785457,1.22969806550183,11.5836744451791,12.542520845403,2.97141413370685,24.3892042129347,-10.3836218418231,-19.3032225441083,-14.1603799232568,18.1491535079128,-1.31559840886538,-5.0253676415245,-0.735189306047029,16.8402758264395,10.3054840616182,-3.18622706198048,-5.3600341890296,-20.6399853687519,4.34858232887785,16.6713578395226,-7.9608225764204,10.5010249223026,12.9141634021823,-18.3018873194572,0.151563336601836,-13.5966206732969,18.7872490805922,4.15070885248681,15.0054424538032,-0.651732464562507,10.7931016824333,-6.21922352399948,4.67538807293612,5.2631050036347,2.86310055365097,-16.2858322475264,12.3549514423739,-4.76195230290839,-1.00102918634384,13.4578494473163,-17.2048561868638,-4.25361146709069,-0.706563748845003,3.74130093813585,-4.6510410680524,11.6827155756972,6.76949999801002,8.06624402245619,12.6928366841645,6.35636933444838,-11.7271912224799,-16.0706749916395,1.49680851740848,-4.63458849809826,-26.6759107079643,-20.0056608529372,7.17997119317511,14.4858228529091,-6.87235647648702,-30.5773646645072,-2.30223033378459,3.73168405091415,11.3201856846941,-6.18384442345415,9.11940899592827,14.6987668073447,3.2022382251768,-5.43263805664221,-16.5856472955116,13.7317104429192,11.7570052982981,-13.5777478742085,2.55497280967286,-7.0291532576577,11.3757424735384,11.1844712617476,12.1780894383444,20.3882628247327,5.34541622453228,-9.87230315101447,12.576058624597,0.0423799926928783,6.77131927913193,-3.70797507939731,1.01271673076844,-20.2903942251136,-17.7208156444551,-9.22764143453823,4.22195805654542,11.2502914190572,-16.2373042907634
-6.38270549490509,-20.7066841209003,5.31595242803224,13.2748036499899,-12.0316127166862,-9.54872630824593,11.2569820359596,-17.4263612148042,-4.86295607546743,-7.51151340545509,1.58205841259381,11.8043938645275,12.8080126332959,2.68909462147108,24.5619068845146,-10.2158403211755,-19.3452820373325,-13.9463642550982,17.846829706998,-2.2322672077484,-5.571442977972,-0.580434415830844,17.3212849501373,10.8360983277475,-3.3337469310753,-5.17434626544276,-20.4327940387115,3.87268346066933,16.6663476898199,-8.12905112513816,10.513939904355,12.5799194838958,-18.093228301503,-0.0422455734368401,-13.4939796691181,19.0587071259287,4.1093395550779,15.0966829393377,-0.530899886297871,10.7867390069099,-6.51037081616005,4.54421315071344,5.2882935089537,2.47462455436554,-16.799300449652,12.3401447586365,-4.88758911911207,-0.611445274106052,14.1962030992748,-17.1265458327214,-4.44826741271799,-0.484341240869266,4.08539926866661,-4.34875485397887,11.7316067739149,6.34163604266708,7.92973979366956,12.9022927529142,6.67066304883441,-12.0397255054832,-16.3587120138732,1.05155734217618,-4.58343113655887,-26.6187516826617,-19.8674257780263,6.33857335946633,15.0051163750135,-7.02511926194784,-30.7740070587227,-2.04350890755646,3.38198056525419,11.5803888230884,-6.74852646384305,8.75281017590971,15.056379056622,4.07091392431889,-5.15132866560395,-16.2214431501636,13.9880345172595,11.5857146287677,-13.240633583458,2.93717637292817,-7.1011430850946,11.3640535381158,10.8888927567181,12.4666366139415,20.0042135036795,5.06784883506735,-9.07613661415087,12.7326254685238,0.0487106841139807,6.38239194679007,-3.65527081286393,1.01987216708258,-20.4841680339184,-17.6852829546521,-9.38246546370898,3.71739179885314,11.1319285603627,-16.193626933975
-6.65634222316488,-19.9810545364564,5.55470186140831,13.9402189057891,-12.0382696975074,-10.0497113309242,11.6229607086417,-17.2830423973344,-4.96205114823478,-7.88742248932416,1.53080211385237,11.6176404516568,11.8658127064033,3.01154146281273,24.3438791475425,-10.2546859579729,-19.7132521122142,-14.3128428520221,17.8725897014969,-2.30059303770302,-5.18102947474267,-0.459829506704876,16.894174917274,10.5616434940144,-3.43149550935573,-5.27107777687774,-20.1536397786257,4.28861481331305,16.1735841709075,-7.81889238553959,11.2522104512494,12.5967222046241,-18.5605975706708,-0.261359988483658,-13.8341632263679,18.7140107131145,4.07701794473467,15.3160265563562,-0.190791186999395,10.2474433847565,-6.74126656117908,4.40016869059193,4.90625024241962,2.92154962451785,-16.7577023151123,12.5246904471595,-4.72302338737442,-1.18958167383619,13.8192664080065,-16.946887712445,-4.16887325102791,-0.448476339309523,4.07301600924881,-4.67819087810745,11.2946371691257,6.29148149462423,8.10161848073811,12.9096642029184,6.1316792443938,-11.8196067959341,-15.4061981647982,1.36821138015454,-4.63449638517696,-26.8048767622675,-20.2663340448179,6.96422781437322,14.7902394763419,-7.30056926398341,-30.5484111336204,-2.12027175191916,3.6744258034763,11.8859313568651,-7.29574945212914,9.28712203421128,14.7169900697959,3.46229429584149,-4.71066740621461,-16.2677190709828,13.5676387831548,11.1874423770137,-13.7476827668923,2.95690332067707,-6.76855135109778,11.4302514579665,10.7222358160697,12.3907292671653,20.3519360277308,4.83988413531788,-9.34222132855877,12.7151812364017,0.177144137261343,6.69836708008852,-3.43211055419813,1.48412981066482,-20.5976144955497,-17.2777263587712,-8.47868509392319,3.95253238704837,10.9759146297448,-15.3797119346037
-6.52041892438101,-20.1092901587646,4.99622025571875,13.1022851433446,-11.7140919863255,-9.99273805161821,11.8446338374361,-17.705586832679,-4.81540054738521,-7.0950085314863,1.7485536986908,12.3961701370288,12.5816896949115,3.11562560528209,24.769132203771,-10.3893281060691,-19.6466890899348,-14.0617718154401,17.5293077477919,-1.72803988119067,-5.32994497688202,-0.542070852830115,17.1114345000044,9.68307907297075,-3.21895584848589,-5.31264148336346,-19.7419003285971,3.61575934439098,16.66799051676,-7.65834486972971,10.7792289992534,12.5474976587977,-18.0176343295006,0.282346271668983,-13.4875088759291,18.5746695757671,4.09439084587754,14.9595600543141,-0.680371031679184,10.6216351678443,-6.11114561978214,3.54655525766313,5.12705148798188,2.63364790089819,-16.1825584243883,12.7967137709697,-4.65174042348626,-1.25747621412448,14.0578462756924,-17.5335580532262,-4.06047127418458,-0.402054530820862,3.35140607022465,-5.50411371716808,10.7987386620074,7.16654791009513,8.29839843736749,12.9240628472496,6.37334546575117,-11.891561377814,-15.9978447036052,1.7811924718555,-4.35197935326122,-26.9687111217875,-19.8223569135134,7.1302804953231,14.8571996240372,-7.03082130316442,-30.903468619144,-2.27956404676732,3.72459596615872,11.3494291655357,-6.57134399940818,9.17643108215995,14.7501708571587,3.92492067811369,-4.89479772252874,-15.8123506488725,14.0774682093432,11.2619238948396,-13.4805590575451,2.490629844359,-7.64184821568391,10.8486320577477,10.8278242240496,11.6429933818655,20.6406767755376,5.39737583897521,-9.28252286693351,12.2753567948096,-0.158734037112114,6.15542291072547,-3.19055307564568,1.50095639081952,-20.7027016246624,-17.753551332175,-9.50822813059916,4.6044400963022,11.3317804045615,-16.1308726521279
-5.8512304539756,-20.0039226284308,5.34534052254974,12.9478643626144,-12.0207217350032,-10.3575721777878,12.4832993910928,-17.4433714058188,-4.46042311339091,-7.5440626922622,1.59380265254432,11.6426540779121,12.1908757504715,2.67711388178583,24.6994349124689,-10.3605730586399,-19.5323931107838,-14.2479717176179,18.1128991102325,-1.65247308530276,-5.1548016782499,-0.0714318409416519,17.1281673386257,10.8003074839797,-3.17986797625088,-5.01473510670267,-19.7119312355702,3.98885006473147,16.8778180144515,-8.07522652575529,10.6984865237478,12.603330087322,-18.0235319328668,-0.15559530210081,-13.7935689669657,19.0268316045279,4.27819191160066,15.0167537806466,-1.01499976179094,10.127022621255,-5.88888135161196,4.03317843300095,5.25463014265882,2.88084927522353,-16.7400739318417,12.5520627151557,-4.61171288932684,-0.686598040630737,14.072512337461,-17.1430567873566,-4.29724064560029,-0.684627798889674,3.87776043571216,-4.43152579093999,11.2368649678532,6.26695584235508,8.02589408147835,12.8823142151913,6.38716165131541,-11.672979612634,-15.8516345739791,1.16073414004675,-4.2438364731293,-26.7045035643976,-19.6054310403596,7.0373336897837,14.4256023599397,-7.00529122732359,-30.2457468089608,-1.90422076242935,3.4425223543532,11.3108222259372,-6.75000351081565,8.73868909150947,14.2737276980961,3.63993768911018,-5.46083586936607,-16.5676254081579,13.7108959810924,10.8071449432077,-13.3898112206701,1.99382536546299,-7.15124325305241,11.0667593376197,10.7590113861798,12.6619213451732,19.6909160583619,5.10967487077967,-8.8294337287633,12.7891056973036,-0.00393578150387502,6.6292812780096,-3.87328800022997,0.9967959632486,-20.6822374216304,-17.4988120230298,-9.44213169483049,4.30210706341168,11.0239638740325,-16.2428758849561
-6.01751730922271,-20.3834416041526,5.36297088341452,13.2375525420635,-11.9101722686413,-9.72598724788625,11.9971447927643,-18.0828363081519,-4.25859965314363,-7.85389333428667,1.93503135859689,13.1732947891237,13.2896709591257,3.45714381958335,24.0556814957312,-10.0517839111332,-18.7169428331399,-14.1023835420035,17.0714867248354,-1.562013922786,-4.96435705109102,-0.872806373406525,16.7705059251556,10.6419016022233,-3.24874856885527,-5.27694642233374,-20.1479431512166,4.12305534858494,16.6412383629329,-7.51667054820898,10.4893253919971,12.6510196590995,-16.9239332942861,-0.180633065336896,-13.9365473247734,18.747921652054,5.32702051767223,14.799036796834,-0.73670939572637,9.61879538410446,-6.30595216813378,4.68375443681207,5.09508253830064,2.84651381385792,-16.6284964726471,13.2889089527547,-5.43931257818481,-1.20052517772876,14.5819724114219,-17.6430531818961,-3.59135294733098,-0.537200394598392,3.56159458629075,-4.85365032834396,11.5402026525205,6.53665538580015,7.98949387841931,11.3342364567253,6.29910030317611,-11.969054508079,-16.6821309070363,1.54777344420659,-4.75317532696015,-26.5574411511657,-19.7593939264735,6.84677961163288,13.8772496868701,-7.77355570892862,-30.2598071974563,-2.18282326506459,3.06702063136164,11.086966863968,-7.81188923307885,8.64139953446578,14.4407544916398,3.67442872225515,-4.99810774840857,-16.208832952372,13.9086969330372,11.6031740517167,-13.7743204810423,3.34234529102925,-7.11690362654193,10.0733051062581,10.5403981115287,12.5710521910713,20.113975281546,4.97963026408561,-8.6055853451899,11.9850066670072,0.0746530709601635,6.31833224396402,-2.99718947429992,1.66399128391557,-20.2820047504892,-17.6461175621376,-8.2434880924298,3.81641286298508,10.5703681417451,-15.5987962734254
-6.39971470090624,-19.9502922010234,5.55409758775095,13.4053112247129,-11.5681461158129,-9.87586415695689,11.8133947829481,-16.7490961475942,-4.93654092841907,-6.97011561307225,1.57422799484926,11.452246493855,12.2893011138607,3.22005984764759,24.3276195592025,-10.4926785710956,-19.143998040403,-13.8779468783696,18.172643944505,-1.83530295925678,-5.50509985319715,-0.583565029991842,16.9522921138733,10.4025203989298,-2.97822486911859,-5.17418028504447,-19.8906400578005,4.16987993467647,16.6589917266908,-7.89403993510065,10.6281434127116,12.779282024789,-18.184134923577,0.142098682478231,-13.7863277205815,19.0556859731312,4.66592986578177,15.2897656808567,-0.390279328539549,10.1061751619011,-6.57217254807121,4.5143734190166,5.20209635680293,2.77118800907741,-16.4301577123,12.8853437396231,-5.03850958536234,-0.9214227000602,14.3034459200635,-17.395454110756,-4.19562916563324,-0.657534506990218,3.59837099228451,-4.62896497828618,11.8110613154113,6.57108335938801,7.72690523146678,12.7737582139909,6.68961818586388,-12.2185599108295,-15.8767898293834,1.30585325965552,-4.97958526668573,-27.2509524370146,-19.9955664266115,6.52641395209085,15.0602420498262,-7.10515742724891,-30.3594055603269,-2.22645497678138,3.27788447248968,11.3031882484247,-6.88154113112337,8.6421463915106,14.7175065144351,3.38383252394315,-5.22480627631763,-16.5815562569837,13.345720027873,11.5845797145303,-13.2601970533066,2.72993797537623,-7.66053624491494,11.1817990803616,10.4529973436323,12.0906517345642,20.1974737940068,4.88234417251823,-9.03165907830199,13.0653738845327,0.132287524497149,6.37572118177193,-3.46878715948881,0.761934854791243,-20.7273079936827,-17.7899154203192,-9.02310218843602,3.87872531209724,11.263038740578,-15.9786507605701
-6.34635109518356,-20.3780164005095,4.99945707379301,13.6344228402054,-11.5396588370012,-9.58295107670006,11.7436742758247,-17.231482751976,-4.69116158368378,-7.0547393597013,2.01195121674468,11.5849426292117,12.4941151056334,2.54866289265658,25.22277996033,-10.0099894099773,-19.4220190195437,-13.5629430773618,17.6799788327234,-1.73292481046465,-5.51719939906196,-0.407796784340836,17.3511135160835,10.027180110037,-2.82271345100655,-5.29214444591261,-19.9451064402727,4.16600222251526,16.3112972627323,-8.02865530750867,10.4991562338945,12.6840212103741,-17.8039329514407,-0.274189714377862,-13.7342557612402,18.6430669707861,4.26258638521509,15.5510000001582,-0.130878641099293,10.7372612790245,-6.439080969355,4.04294405930857,4.62482242047945,3.10086793995426,-16.9172224873033,13.1428774307276,-4.62254794333937,-0.791266301967729,13.5658614970042,-16.667654161832,-4.34693864681517,-0.410427409679653,3.43144283237536,-5.08311506209787,11.5978445126163,6.18284264293641,8.28178684811275,12.938094819812,6.9988940721094,-11.748931890033,-15.5449090703193,1.37352449795944,-4.51746686851745,-26.7131484647969,-19.9097525670989,7.57217192375278,15.0188043079045,-7.33669679104619,-30.6617820899836,-2.63888590275018,3.28330033772628,11.6779590919197,-7.1199270502236,8.82832260400219,14.5717715854527,3.40610008966885,-4.86649096896512,-15.7353490093297,13.5715618354797,11.145820017335,-12.9709495866279,2.44551176265198,-6.95208111139424,11.1728499865831,10.7342732473102,12.1766370746361,19.578510908216,4.69440972002415,-9.52112601886404,12.4254613832658,-0.272412343910435,6.5756288921011,-3.82011022905476,0.519621625100661,-20.7098137649531,-18.019307880902,-9.6350671100264,3.91667393787355,10.8321484329824,-16.1004403357746
-6.29522845124021,-20.2421735451212,5.43608172650172,13.2756590588042,-11.5783914397763,-9.47072272092703,11.6857223742041,-17.5098627627149,-4.814795269545,-7.40222203687015,2.00937262753544,11.8982893731708,12.1988324081251,2.88505968580697,24.5616176498703,-10.5418547797866,-19.7313107378037,-13.835229710738,18.1170939176979,-2.18122346370792,-5.76549408064932,-0.458512820354959,17.1832834882629,9.81485821126528,-3.29660239890435,-4.93970512223535,-20.2078343991151,4.12972032197638,16.449851277033,-7.51804437704336,10.2874594726918,12.4208589352777,-18.3395397492312,-0.24126564813436,-13.6256362885792,18.9458888757463,4.29890095993827,14.6280769779004,-0.393472945463099,10.6458715735406,-6.83849206874464,4.8009740399471,4.57882458207891,2.67794365877435,-17.0709569721413,12.5609784079204,-4.89651427607065,-1.10717262860977,13.8164451937542,-17.0610291670022,-4.05316459140384,-0.457271585046501,3.98944420986549,-4.39944282213074,11.5716614760502,6.70652862399225,8.3984780274034,12.7334164488902,6.64637387221865,-11.9142498490944,-15.7753542146596,1.50462166986058,-4.51891630393383,-26.7741740129271,-19.8738782584598,7.4459919752516,14.7567988857855,-7.53223482688327,-30.2144086909352,-1.80369325543387,3.54532735100114,11.786766537558,-6.91580062750822,9.05821005289206,14.373998678082,3.39976585281281,-4.98260606984474,-16.2127868264465,13.7620054362464,11.0475715368178,-13.3654057066884,2.91651317445248,-7.62130175471582,11.0205864588053,10.8770446249706,12.511813738538,20.3192291011719,4.65818037560377,-8.94611594547453,12.3802575344964,-0.0991551518013536,6.50940313331454,-3.85690593431014,1.22690373306661,-20.4338737051397,-17.2632227550875,-9.23065308590224,3.8938463983082,11.3635124436264,-16.1040123145692
-6.37325780758237,-20.1591717962079,5.2505835786245,13.0455636925853,-11.8240465336747,-9.92204157981408,11.4607250712232,-17.3480343233397,-4.88602676276915,-7.57330581944335,1.6280862201218,11.8583805030793,12.5121191931058,2.46981683155438,24.8874096656246,-10.5378722408256,-19.2604971045708,-14.0265563565548,18.16355600447,-1.52615872777777,-5.35571813340153,-0.261715550485059,16.9896886589345,10.7537936885796,-3.93861961536846,-5.07316454752028,-20.4608207125905,4.34987696479785,16.5074266714394,-7.9570624884054,10.5569028852145,13.0952129771881,-18.788903441895,-0.00285934333222582,-14.1275819341695,19.0780219350088,4.34037570240999,14.8726673734983,-0.339995081610618,10.6378751429978,-6.41495159474116,4.62523364459738,5.22843294123386,2.65119245643535,-16.546821073278,12.5179317304393,-4.51347462869406,-1.32387631128463,14.0742134680888,-17.2664552416197,-4.11292214005821,-0.775532296632392,3.49071893668287,-5.04175853198922,11.7208669849918,6.05563974762025,8.53380053877201,12.249783007243,6.80658537317245,-11.6931614578249,-15.6885726195374,1.02054198357707,-4.52673411083889,-27.0933911046685,-20.0103699423008,6.72717331336451,14.8499476650578,-7.32931785606866,-30.9242928943046,-2.06187166465232,3.37241966669192,11.3255283954553,-6.66681440832616,8.92192904490418,14.9234362308603,3.64386943106313,-4.67127738574411,-16.4231715629577,14.0021626102989,11.7161885957096,-13.4756159964392,2.53415693646634,-7.24062914275392,11.4480061980911,10.5316442284311,12.4442676906409,20.9639105567267,4.2824978472026,-9.70703261992883,13.100239246743,0.538024227950217,6.55479123769225,-3.31450725106003,1.13489814909485,-20.4593935169365,-17.4722203279376,-9.22340801239859,4.10608747473126,11.0010235794581,-15.8342423056307
-6.48038843054127,-20.2224854003552,4.72825701693092,13.71348064877,-12.2195987827622,-9.60479855585122,11.7884164318896,-17.6609084832809,-4.65149191589718,-7.37927720286992,1.80742665624625,11.6700345572213,12.3146984033641,2.9000821145098,25.1674698938838,-10.6168430801179,-19.1744431502744,-14.1804996031673,18.1080186957848,-1.79179154083981,-5.3087688405248,-0.0290383159567225,17.2387261940873,10.6188094703575,-3.01406053034617,-5.69460936518227,-19.9778967035837,4.26951844931824,16.5365036096754,-7.51761201682612,10.5871952169447,12.3803558888882,-18.2525480545962,0.60444754213664,-13.6078778509181,18.6398326221663,4.55891590383395,14.6847299190049,-0.403771627902811,10.4586844282196,-6.5762773896012,4.19560624994402,5.4640725762741,3.03872964417877,-16.3745916752574,12.8202715488447,-4.6222208446663,-1.36987023762474,13.9110772897878,-17.1737728673048,-4.25528214468661,-0.36421370312161,3.55373311090228,-5.17966393312706,11.8089980507233,6.13637947943744,8.39815793109405,13.1103647846048,6.33035168779598,-11.2462329352335,-16.1919716062597,1.30672251288863,-5.05945772962077,-26.6253390057211,-20.4913367463143,7.35251277683875,15.1827506742356,-7.35945143128968,-30.6554984887257,-2.27309037136495,3.07485972415239,11.295283292977,-7.1998559298141,8.58838465089157,14.8288009973888,3.53276606474672,-5.41408380534184,-16.259418918186,13.628929303373,10.9764002783944,-13.0177355069779,2.64835774772881,-6.95826692866643,11.1764368388391,11.038311911841,12.5284813855242,20.336756436615,4.78156406924112,-9.61229380107501,12.6283555338368,0.260809343723937,6.51980782529311,-3.70957347608191,0.94601278310481,-20.572143002224,-17.3331443851677,-9.19756109236903,3.66619785869847,10.7000324059308,-15.6608230254672
-6.7867972561363,-20.3266526608979,5.3792731026345,13.3045861008027,-11.6154129457053,-9.76216717948683,11.92702743028,-17.5365554803919,-4.86147453875478,-6.99900141178147,1.70893580941969,11.5167516570649,11.7825851511694,2.66946047635432,25.2374353389686,-10.1074597178551,-19.2937811130809,-13.9450133689421,17.9972157253388,-1.71345764157815,-5.25637383881855,-0.311103152282414,16.6117707416757,10.6933096826441,-2.96480019320398,-5.37856095862061,-20.0127713018014,3.81518005847429,16.9775953238232,-8.01769451596584,10.4927923205303,12.5178076198013,-18.2485847270299,0.367097969237388,-13.4334804355156,18.6669977350733,4.40966289925514,14.8835963604375,0.0328427141790885,10.3889536339255,-6.57392309928008,3.87959860197242,4.62687430576692,2.63628298841646,-16.5412630180187,12.4021951380106,-4.58501682312707,-1.00681403375356,13.3459134983884,-17.3423346391615,-4.55386931819414,-0.739851560979685,3.60010387174173,-4.40735750696278,11.3563105926031,6.35889985031239,8.24801950404899,12.6321011750661,6.96757826331827,-11.6193709246447,-15.9705918157466,1.45198639298746,-4.38031021738316,-26.328868714305,-19.8106786340668,6.70344648801529,14.9548609213148,-7.43697880203292,-30.0164201736313,-2.24941010506186,3.22903213758394,11.6426234405473,-6.91790089400696,8.82016300110482,14.3430983645217,3.90231461833237,-5.2145963524169,-16.3127117948826,12.9651656292742,11.2566967514402,-13.2330307416364,2.99949544321218,-7.15744349278915,11.3926173899487,11.2951380103548,12.2042610319423,20.2497097206644,4.68743282678179,-9.44930672949067,12.429657926985,0.269991379252919,6.49048706205867,-3.70455087338036,1.01249225322915,-20.4655675431443,-17.6323350751413,-8.84861520632072,4.005549204917,10.9766656471231,-15.6473807549188
-6.60578528792432,-20.180674223707,5.45083743004836,13.3826598354657,-11.2840825341328,-10.3637775729635,11.4599104510466,-17.479647151616,-5.03057724528947,-7.70749137055043,2.159423259647,11.9821411894401,12.727683871124,2.62853426226233,25.0401274917581,-10.3140582586539,-19.8027346238071,-13.7109297771599,17.6601809951534,-1.31185770520197,-5.47386231200236,-0.66053624106473,17.1380196516299,10.3766508942363,-3.34940704776525,-4.94488013769208,-20.3220138081423,3.75880972098256,17.0260442639792,-7.69553282391449,10.619922737576,13.0785168537325,-18.3886678989148,0.425296224183865,-13.8576551662111,18.8897257133234,4.19471797784735,15.3992496640463,-0.64007431571618,10.6223379842811,-6.4951942204736,4.39370947794421,5.14783881535162,2.75047677196655,-16.6227955673766,12.674235712031,-4.39518686910531,-0.909603529344916,13.6079728137977,-17.5187471112734,-4.75503867935101,-0.554850170543384,4.33017596235994,-4.38727331424535,11.4845489390011,6.35358623921698,8.55402806629317,12.7821681446078,6.37813250654436,-12.0608491345256,-15.8187555245201,1.0391617619784,-4.82661351445901,-26.7802100596943,-20.2749558033434,7.10923439703222,14.9369159455712,-6.91748666168822,-30.6673616079226,-2.18548939715438,3.40070785649567,10.9362107885812,-6.49677981933914,8.91524498334054,14.3662014946908,3.90548496558169,-4.8339694939758,-16.3849029908987,13.4565653480403,11.3505890664751,-13.688451296618,2.70620839005963,-7.47355992297703,11.4947909307411,10.7860033445172,12.1894305350468,20.0411125594595,5.04345984721637,-9.45674362658664,12.6941123478019,0.0867486548926449,6.38346757423397,-3.70242011139671,0.466786119318432,-20.4204749900829,-17.3643620637144,-8.77767763538755,3.89701250704981,10.9876286790824,-15.7767433996576
-5.90500348630065,-19.9548095578727,4.71565569452769,12.9534794324416,-11.506176099627,-9.87397667266904,11.7218999819408,-17.3454473233327,-5.32115807998011,-7.77133739360842,2.10921352094464,11.7667087553656,12.618692295221,2.8396760732093,25.0765564352956,-10.8066306437846,-20.0704288395335,-13.8091273687438,17.4636966525289,-2.32993283929415,-5.83355658536077,-0.408555528451319,16.6984473076294,9.91668397983014,-3.44409827540444,-5.84576506618247,-20.018211390441,4.02717324879148,16.3123244444327,-7.85219619438752,11.1536195364855,12.6380425472765,-17.5628413044654,0.739100877058784,-13.9596696077349,18.7917975381159,4.06653543498925,14.5945743129893,-0.756091902147366,10.5972962311012,-6.56666580817503,4.52309188347209,4.7934337132604,2.57358966502355,-16.3642331390615,12.5995462628845,-4.46691179074008,-1.13796526831637,13.9508305698206,-16.7860433812726,-3.87419258585707,-0.974593843858078,3.73055124065993,-4.73153440957309,11.7079495427776,6.78775164725703,8.61681065853857,12.7597390673142,6.43172007979177,-11.5371686818583,-15.7088118295216,1.71940850902501,-4.63894510080639,-26.4140719409371,-20.3730852780243,7.05497952407774,14.0629747418247,-7.06799003196845,-30.0575795709813,-1.84738045941368,3.36578876667939,11.3159282550077,-6.75805087139329,8.71414921260994,14.4797636917771,3.41301313843692,-5.12820828246379,-16.2257969790074,13.3038546110114,10.7831680611361,-13.0365358198482,2.72479771852919,-7.20074602741456,11.3164564723064,11.0648044568065,12.9031558808766,19.3206993564696,5.32337550965244,-9.09719698267202,12.6668171681985,-0.11329532319917,6.61241163197179,-2.8528709345033,0.953928270528585,-20.0793555128202,-18.0116875878974,-8.93346721206935,4.30568243593514,11.3397005027771,-15.6616477336376
-6.20136319436155,-20.6462366794658,5.68209280239108,12.8816755343308,-12.121214237162,-9.71521121392211,12.0513006113069,-17.0145956974377,-5.03064953836017,-7.8090984752648,2.10766232271481,12.1002810082255,12.5950127016124,2.85260937707239,24.779382316504,-10.6445926250772,-19.2671526157339,-13.4600952209452,17.8781218846628,-1.42118396425158,-5.71433654752491,-0.428420388900022,16.844962489364,9.63642958744149,-3.36219232468025,-5.4048109057857,-19.9489247723632,4.21682959520522,16.6036037584602,-8.00829632845756,11.0070789397681,12.0407946090204,-18.3792888495896,0.00236214355272379,-13.4091783736851,19.0192001208351,4.75494554525796,14.5229420409012,-0.502459085756501,10.2200218171413,-5.96964725797308,3.71376403495825,5.4400346298822,3.13729505730967,-16.5894944534774,12.4830468137013,-4.72552676993871,-0.901996014584811,13.4098338666921,-17.2793139227253,-4.22056710306544,-0.561908976789423,4.25328801036598,-4.85950053979061,11.8258022263887,6.14887302158124,7.78693872053282,13.0441026731915,6.15846651918279,-11.7663326824561,-15.971678946602,1.14538599625767,-3.9179459131323,-26.9213903467832,-19.7504300125672,7.76716090173887,15.1524522559712,-7.02825912872389,-30.2481368295349,-2.12108587845917,3.47798645923202,11.9520142645546,-6.94873383864975,9.00289227631037,14.496836036884,3.46018732816994,-4.93792431938407,-16.6697058474147,13.5700933535352,11.6906573578598,-13.6207301649924,3.08589761211296,-7.20718727581353,11.0023488740651,10.8508817142263,12.0638087676484,20.0347985398808,4.34716725215972,-9.54923769337226,12.4502759979594,-0.419933012982181,6.74460288985449,-3.53391100125059,0.770340867424034,-20.8990596693857,-17.5309837729493,-9.16374522388619,4.58733668207999,10.8927127561844,-15.9409253282553
-6.98388958402025,-19.9190648773575,5.67124773963959,13.6135675876833,-11.8442332123168,-10.2015303927438,11.6089034720599,-17.512854847524,-4.71574642949025,-7.41722974415438,1.81834465305994,12.4046748989149,12.008896772428,2.61867721659838,24.7511324717538,-10.2316861082016,-19.3110728091483,-13.5851171263267,17.8942861488908,-1.21320006658215,-5.28611797200313,0.0494064686340392,16.7623084675839,10.4810861311347,-3.30443744549085,-5.56095891057991,-20.3192822694875,3.44682735464173,16.8056959051068,-7.33693024019258,11.1439843289867,12.4102825110808,-18.0635736818191,-0.0776042292339553,-13.9347159198688,18.8471066126742,4.2785105935707,14.4577995179386,-0.867074353786199,10.3916979594724,-6.80950604250335,4.25700431257053,5.38198650421447,2.61367081247533,-16.2669137579695,12.8976211375006,-4.87974340755706,-1.05134246984289,14.2713558325058,-17.2224406525888,-4.16204879582861,-0.473329516376475,3.86697244484878,-4.86513247739009,11.6311760481068,6.71184050607882,8.55273931554342,12.2811808788616,5.96981645562369,-12.3232287912009,-15.481180969067,1.42460036101361,-4.37886663621616,-26.8019102317265,-20.13863071956,6.76255075248556,15.0909187205213,-7.11936211136127,-31.2005979344737,-1.52063802672425,3.48955790961467,11.6087360788162,-7.0931630558429,8.4199087474309,14.9403171020732,3.49394970689579,-5.1278591285813,-16.0503201373187,14.0534231303718,11.7726954963037,-13.1641339982041,2.22150910448312,-8.02949829304833,10.7545253870211,11.2089719954026,12.2408018308289,19.8929119075188,5.08470854834535,-9.40568335524137,12.2264791043064,-0.22284353966842,6.4055177137215,-3.70907430648813,1.28822863457005,-20.0761960238173,-17.5469921551378,-9.36224064055753,4.52829208852567,11.5023722804974,-16.1415802663105
-6.0204371054271,-19.6926908673413,4.96654107260691,13.5970684167624,-11.9308141345026,-9.90052944806593,11.4482050827401,-17.495068448989,-4.67884231627172,-7.78216129753646,1.81688277807865,12.0559595261936,12.5416184338407,3.07290728212947,25.1749534182838,-10.6176723430931,-19.4290810182906,-14.3861917762782,17.6047893206499,-1.87251389095693,-5.53376641960707,-0.151719693800977,16.9223881755074,10.2524964912837,-2.87092291453184,-5.12305070040274,-19.9620636320081,3.75346348544734,16.296965323105,-7.75060846158352,10.7427236441382,12.343180970489,-17.9950293264211,0.330316738936718,-13.6770738094738,19.0875255822297,4.45759048552392,14.9346711457916,-0.344369752605127,10.666235055387,-6.37017636414318,4.51842439723167,5.32358306930366,2.69215198027776,-16.9704225464021,12.7357717720304,-4.4507099687933,-1.26779261944124,14.2360538595114,-17.199346247069,-4.74201262003533,-0.857211283649606,3.67929666422129,-4.94312788974141,11.2976605575703,6.51139439176049,8.04823829227561,12.0634017406579,6.19052778103483,-12.0645483479332,-15.7146488166572,1.34993168748234,-4.24150038134253,-27.0052069839296,-19.8751512951441,7.11485349586433,14.3720848971454,-7.03545772785916,-30.6460215203781,-2.12753833445525,3.6131893485038,11.3366948607791,-6.78025077598573,8.9961046760536,14.5342512870792,3.7467438839138,-4.88201491580389,-16.4641210095852,13.4780505781856,11.6318293746753,-13.1916064290807,2.61899005849272,-7.16680901307758,11.0205185292998,10.9090765156444,12.1015667262774,20.2862819542009,5.19245873017926,-9.35115939296925,12.7312144415523,0.243462224676991,6.56236259284056,-3.13661674227418,0.910065604166066,-20.8560992531527,-17.6288464834777,-9.44053360996797,3.89260047225998,11.3614224235103,-15.7432033682471
-6.47376498236198,-20.7585062102488,4.61316654877992,13.8340471598838,-11.9765669099954,-9.97571433245507,11.2742105471781,-17.2931010232545,-4.60790671657235,-7.53290983672075,2.16725641368762,12.0075357211074,12.5113528311892,3.12058736748496,24.7508562224598,-10.3827665365342,-19.2258989781243,-14.0977225951043,18.2840157254368,-1.57506328915676,-5.54489120036691,-0.766547264908528,16.8364079110331,10.2120775289893,-2.90408189243078,-5.11993201299494,-20.0097920089362,4.04180150216353,15.8907010337759,-8.00836276653374,10.6087068325294,12.3998963810343,-18.3882193552734,0.345391992291824,-13.4348711885463,18.723319514464,4.79700577573964,14.7383695448503,-0.195154495026725,10.2788597145143,-6.44020372340499,4.54098588463024,5.46107837413236,3.06438272854007,-16.9356117681336,12.3137128898628,-4.18194450858769,-0.591369694973107,13.8033381479581,-16.9307985662716,-4.16498840456045,-0.614580566349024,3.94555918226512,-4.88740325858122,11.5375602356267,6.66657913440403,8.41936603850487,12.4708456198766,6.85703210602291,-12.0058449303617,-15.7880524731305,1.5571691920159,-4.91834606331953,-26.4971878807368,-19.7697472281099,6.91969297365949,14.8124657854699,-7.31365922738873,-30.9275980262359,-2.18390220191162,3.30119500948431,12.0173287064299,-6.04457736077911,8.79942395072494,13.7119940405658,3.43876561873513,-4.73736110123331,-15.4048116561088,13.1074126661931,11.0242291925548,-13.5890403903096,2.17175998836585,-7.00686109621518,11.0157093974736,11.2801791156505,12.1347074076467,19.3912656303234,4.88403582613935,-9.43831056229943,12.5798188054536,0.11085628769399,6.55685701205522,-3.93827260178866,1.08855752164567,-20.4412072957652,-17.6969345939644,-8.76957723304007,4.39292632668642,11.2145299743533,-16.5369210306314
-6.61422229774028,-19.5350399615338,4.78483459015505,13.2538615736964,-11.7888879254649,-10.3338864002681,12.243944647395,-17.9638014958333,-5.10530635442024,-7.19580102832885,2.16961784723556,11.7991719571838,12.7270374255461,3.02885420987156,24.3069188461661,-10.6244860309878,-19.2497690040708,-13.656643627088,18.3139824519753,-1.28197537197342,-5.56321198124028,-0.551936157810548,17.1096480472439,10.5174263438676,-3.57143585195503,-5.59464672126827,-20.4107618041166,4.14196950104499,16.309737370357,-7.59819399749811,11.2064463948684,12.2959017607785,-17.5444943321695,-0.11299262451673,-14.0678389763556,18.4515996664879,4.30406604840506,15.1248747159867,-0.377778189280731,10.624386745966,-6.41707925706463,4.31528755459917,5.25888224746973,3.22188497432572,-16.4111283636648,12.9891727663318,-4.9784543864514,-0.814676473196223,13.3814334178057,-16.8007963356281,-4.31385772982931,-0.51894351019512,3.81300821173051,-5.32093097969427,11.5327207557981,6.27147246271502,7.96633799801328,13.1630101249695,5.8982772870918,-12.558211529702,-15.9950702797264,1.23228971329136,-4.30551763735826,-26.2810814430778,-20.328391048247,6.76284249076395,15.0898839716331,-7.13427526647942,-30.5904217951941,-2.15279270317967,4.24570279393878,11.4989904531395,-6.86715758939698,9.34426689157057,14.5724012493542,3.76763860956207,-5.05322035046388,-16.3367675706129,13.5457557030356,11.200839442069,-13.17237783365,2.36619818990607,-7.3427891165976,10.7463844133385,10.7529088955507,12.9163120482893,19.7484782414145,5.10778856713768,-9.51069805293546,12.589658640902,-0.375890298508179,6.27285302066589,-3.80569073540365,1.35755643855028,-20.0499389902389,-17.3268026938128,-8.89114081813736,4.15878293301312,10.7784781317023,-16.1845658615425
-5.92766403540561,-20.8536530935883,5.28561142315164,13.2276944465698,-11.2464181305182,-10.0336676492647,11.6757391463322,-16.9596420008567,-4.80933919211106,-7.17023846742343,1.45379999417627,12.4386979622253,12.0093872237824,3.58430957374172,24.0392811361036,-10.5811457267043,-19.7405780436469,-13.4580354415673,17.5585892168572,-1.70448247008732,-5.6183054307232,-0.476824295342958,16.8733914274001,9.92332045517135,-3.49530566322125,-4.77079398554923,-19.7936331090197,4.02595794827275,17.1955772681234,-7.83710402125315,10.3450975027111,12.7281671026273,-17.8857609153692,0.0591894668418317,-13.2218046530144,17.8964257917377,4.13694066642144,15.65428552395,-0.562787690262243,10.2735218270422,-6.21927142429944,4.24852867601956,4.96503276287532,2.79824110024141,-17.1381309703979,12.3400370704041,-3.73356776428548,-0.523723567106078,13.8871004796603,-17.2838587285494,-4.04791464141365,-0.639654924410183,3.41011438961292,-5.11991272963735,11.270538297107,6.09317904493631,8.37655032313155,12.1972920293088,6.85829546824368,-11.907276805641,-15.9439844959734,1.55139903474702,-4.33019918281019,-26.3150321278901,-20.0764139797524,6.91490820112484,14.7828395680818,-7.25365840149629,-30.8911177461615,-1.81116722307853,3.70170891116057,11.416612423168,-6.7881104204159,7.93495034699535,14.7345354682065,3.76891166641111,-4.24170334639118,-15.7649665514731,13.4392984972784,11.2475177107807,-13.0976573280922,2.75830694700327,-7.16592011433912,10.9836613718888,11.452790974694,11.3849654629385,19.7732705328357,5.33090245574353,-9.55818902098507,12.780768683273,-0.344063032917662,6.28214362435576,-3.15397747798392,1.21662974244161,-20.4321070998885,-18.3743563396023,-9.01516399309853,3.43628127346313,11.6094570868505,-16.0134712752028
-6.57309606642969,-19.9043431772318,5.60109648041443,13.3424000606472,-12.2963130983053,-9.89610950301136,11.7242082940056,-16.9452786218073,-4.63932489365768,-7.50743194975095,1.74221519363754,11.6154409850402,12.4946245151527,2.80340481323883,25.3499812554239,-10.3310783081042,-20.0122813000603,-14.1932934549632,17.9586151594575,-1.60277183694891,-5.61622515453721,-0.192801711259139,16.444972846521,9.99051981161528,-2.95890065523278,-4.43869512788421,-20.1855090453742,4.08052519434276,16.413443992922,-7.40278655280612,9.80539500474489,12.7292807854672,-17.3436702251891,0.200774016828979,-13.8488171906044,19.1379831407944,4.06881250263009,14.8868371367425,-0.285083048528911,10.1646704846999,-6.1292896927555,4.45576128199451,5.04143430991092,3.04673262443088,-16.4331313586204,13.0822342089216,-5.38299495717658,-1.01163856883523,14.0020016851914,-16.947798992957,-4.13406056875546,-0.648743741558796,3.38151377240107,-4.79839407309521,11.259057144523,6.36344147371113,8.56822189298303,12.995987872792,6.44538339980409,-11.3227681532661,-16.1131932430628,1.17815543390388,-4.44337777738431,-26.3947853379861,-19.7519115652988,6.40660191576039,14.7939537258203,-7.07839943665903,-30.3795354023431,-2.17083782520472,2.71705680198969,11.3937004083418,-6.70686596367244,9.08407468718995,14.4241288826602,3.41836101565947,-5.24525037036559,-16.611591180475,13.1291410965997,11.1179179915396,-12.8499754915964,2.8499090453456,-7.21946044316298,11.2272937478195,10.8718097483581,12.4236635774862,20.0688282641836,5.86823081027263,-9.27148920589648,12.4708259868193,0.0162017746967594,6.61778179990625,-3.42361022295454,0.366612545839652,-20.7877314181019,-18.0867742290331,-9.52480935485412,4.8537069927955,10.8928791561646,-16.3455772533847
-6.37474025415153,-20.3190906558429,5.3024808416863,13.540184423755,-11.5531470356284,-10.06280468698,11.7136198069592,-17.3855211366582,-4.84470107178321,-7.32739141413519,2.03002216068929,11.9683254038592,12.7221494365589,2.92204864500228,25.0944732976742,-10.040431316089,-20.061442202263,-14.3557658614692,17.777625203349,-1.22932271807232,-5.99774137211552,-0.179923631284886,16.849030043104,10.4407071184641,-3.35812879445828,-5.28404159770578,-20.1949019148029,3.78051965062893,16.777874546506,-8.22739776210332,10.5441840638727,12.4127716737977,-17.7957362125704,0.536631047324579,-14.0149986290394,18.7256886994181,4.12707373215695,14.2441393582872,-0.298807199340474,10.4602194947396,-6.01038753372686,3.93420574933248,4.9882759569548,3.24873018128906,-16.1674225933243,12.8515385009282,-5.10963225082841,-1.1745557064031,13.8440955623343,-17.1299236534637,-4.60171335328796,0.13284481442399,4.02337212770934,-4.63550703402313,11.5406816810649,6.10675752509117,8.21661100408095,12.953430211218,6.11547142383937,-11.6471936236425,-15.9099048534222,1.34502445137699,-4.36001858286876,-26.9161096285508,-19.825016733007,7.28097078300445,14.928797453007,-6.62626710452777,-30.5680232627672,-2.38550105364414,3.22412039786207,11.8460124058014,-6.67529101793983,8.9833523213023,14.484915921039,3.73240716423009,-5.29281807230092,-16.4500315264708,13.9830435890007,11.583731883053,-13.8892316040905,2.02265654765517,-7.52722329338655,10.8375177501147,11.2167147577067,12.172859125732,20.0318320704641,5.39268063767664,-9.4895773788366,12.1848502431682,0.146502290889414,6.33803017630055,-3.70155891275757,1.0992927210793,-20.2055145817323,-17.4157812070734,-8.91070426552042,3.715997564283,11.2389243237917,-16.1850736705478
-7.23467204791627,-20.1203521830688,4.86560754162272,12.9246718030106,-11.6660382693648,-10.2545498388733,11.7315114669656,-17.2266810138543,-4.58114490089729,-6.89957584801539,2.03888280989642,12.0477210635396,12.8005855226145,2.94491620434748,24.959197310341,-10.4992641696761,-19.363395571685,-13.7785690657734,17.8618562643178,-1.66595467284844,-5.72234524421528,-0.0427771270460061,17.2242988661029,10.6498889953271,-2.75791349963372,-4.58507690998396,-20.0774396387895,3.69484006864551,16.302637970179,-7.68886373542795,10.820065276702,12.9355329341474,-18.1527843871239,0.227517616795627,-13.5526856108382,18.8559977690857,3.59753017430887,14.9207774219904,-0.186529127209182,10.5552878942493,-6.09197484403423,4.14293828332142,5.07065109285925,3.00062502936872,-16.35847237828,12.4816859138122,-4.39446277609103,-0.897520464934188,13.8984252593903,-16.97196918896,-3.91838574820751,-0.596171551972065,3.84424309973091,-5.19519843183011,11.8120750254998,5.59542005315663,7.8339031632725,12.8097688911919,6.35014797399273,-11.9348183567008,-15.6864674566636,1.97073267064879,-4.14657098117489,-26.6190324029802,-20.4803399170836,6.53278212021817,14.7841197876197,-7.10461076120986,-30.6977072056435,-2.59069641932555,2.95251286914067,11.4133678756126,-6.35132248195151,9.14450213062235,14.336783688948,4.02516381878203,-5.37216630193941,-16.1398020462429,13.42153034078,10.9130634297301,-13.2987065491746,2.50326836623518,-7.55471136848989,10.9029681756814,10.7897280208698,12.1543155920734,19.6808643711269,4.78110832632057,-9.60350692103309,12.3139519238149,0.388295518765586,6.79909076901708,-3.13883082224729,0.765598227539801,-20.6351605077547,-17.8432370381391,-9.02735204932342,3.88483763894079,11.2623083391643,-15.8142949278101
-6.60216177897144,-20.2749733602509,4.86607192215494,13.3710153366595,-11.5166281641436,-10.0983249811913,11.4970038352047,-17.7617067986605,-4.34846207811327,-7.54795238634699,1.71558211172998,12.0043454711732,12.3627966271167,2.74999103490196,23.8683160117594,-10.9018500089181,-19.467725344942,-14.1146623903294,18.0213149943936,-1.13756001407403,-4.68852457241698,0.183924500639816,16.9928354731173,10.2568437610562,-2.6443753064515,-5.0993947463875,-20.0821040096501,3.78793214500288,16.8185825076536,-8.16659764421544,10.6878778705037,12.3890560557831,-17.5083532426,0.848697732355578,-13.8414097594203,18.6447506666207,4.58654779492885,15.4558088059272,-0.155387007752569,10.2480932774185,-6.71145887944749,4.17909539895764,5.77439969097775,3.22787073363706,-17.0152125999774,12.9448320151823,-4.99305243713795,-1.85301398856987,14.0544532267178,-17.1201751685341,-3.57191768376183,-0.536185659908475,4.12756455511767,-5.67330145152615,12.1117977173749,5.83806897758521,8.88300001688958,12.5750180391281,6.61919487143186,-11.9061370120599,-15.5781862246248,1.61501317855887,-4.51486305879646,-27.3268462958267,-19.5342601048832,6.53655945140864,14.3152053907769,-7.206771619254,-29.8420841523607,-3.10703613780657,3.01973505160927,11.393839132564,-5.96797751654563,8.76726121400495,14.4820465984185,3.1330311567262,-4.83831300347609,-15.7384886376359,13.3413882163094,10.968158637383,-12.6055936313521,2.23823447435728,-7.97185713972348,11.075430026942,10.9398606178185,12.4353205459431,19.8441121627708,5.76983912957009,-9.19925908132035,12.3312208120097,-0.391852097391906,6.50786702160649,-4.15524770551055,0.69871125841757,-19.9311908346802,-17.884468853271,-9.99787225030857,4.61997214297971,11.2108553432754,-15.8055679220245
-6.71540231764485,-20.3203857072474,5.05202627934661,13.26542314175,-11.8122669074785,-9.4357855612745,11.3623957136639,-17.4076287040132,-4.50164812339276,-7.01670124384253,1.77304650602888,12.2142333596788,12.1933298104425,2.8056083515762,25.2156695156905,-10.8301265026208,-19.211685572654,-13.887389807059,17.9384213805507,-1.61711094344524,-5.76783416369382,-0.408630132811915,16.8149689942934,10.1097397027868,-2.99974986815777,-5.11412373865975,-19.5935905235075,3.8749417094016,16.4591814232664,-7.5001848756794,10.9420893848502,12.7928294547495,-17.6975065634018,-0.141233340572224,-13.5212201131627,18.656037495447,4.29539584277214,14.8638443756118,-0.17782125821951,10.3844622981898,-6.46633623359205,4.1278414995985,5.02305552233037,2.40485539288957,-16.9023826286279,12.4349503740776,-4.66970889855267,-0.699693191214711,13.8953742591412,-17.2605347112509,-4.14740616172623,-1.09435170727524,3.79096548713052,-4.77161918559614,11.3789203578447,6.50688661691705,8.08666951178646,12.7235823547384,6.70415053535555,-12.2974859825953,-16.0230815288166,1.25364686441719,-4.64691717012164,-27.1051741653212,-20.0321084175118,6.72645728924943,15.0061656236568,-7.451313217992,-30.3247924676832,-1.98967259177643,3.26239195234454,11.5390971509929,-6.59479743903948,8.79651600667889,14.2168127696681,3.82414969876499,-4.41076717407885,-16.4984108421063,13.3143935058373,12.0293784891362,-13.4382338748454,2.99481998768384,-7.15449841152162,11.6174363723694,11.0888808622051,12.2415824355187,20.1229183555472,4.89799930125732,-9.79866921162608,12.6729691297296,-0.269418955262078,6.36807639958788,-3.3275186179739,1.03976720241712,-20.6180772436459,-17.3916479637342,-8.95293353582235,4.10149558462558,11.0487658285771,-16.2390399643223
-6.51937021865512,-20.5865566019418,4.96428942711178,13.6220540386799,-11.8987834643741,-9.71920665519524,11.7385677608831,-17.2266804526523,-4.37770893304499,-7.80474978250141,1.66136915861849,12.2393138560743,12.5328739533473,3.00798879536029,25.1618136262135,-10.7846291295063,-19.3672006417564,-14.078629780613,18.0248187030655,-1.70098105601328,-5.5977126270763,-0.340314564344995,17.0112053749994,10.1546630108508,-3.14221545565388,-5.42940772188543,-20.4204479912753,3.66179951993587,16.4959721824128,-7.85164042524575,10.7110715391495,12.4541634528155,-18.4032065032979,-0.0695168861791132,-13.8184120958974,18.7218310105535,4.78492273221453,14.8755932902399,-0.564767291198463,10.6894752019337,-6.72499722629474,4.50066500056213,4.9923167482432,2.92006680600004,-16.584152928973,12.418114632767,-4.77740274103898,-0.948681881014617,14.0580184821935,-17.3530023266103,-4.51149076252513,-0.451854627100174,3.9435348057569,-4.26969981374485,11.7416134128232,6.54537749949729,8.38197198310212,13.0677986323545,6.36226801348027,-11.4583591623034,-15.8544258037538,1.53325608934454,-4.57641779481424,-26.8478466721861,-19.8459592447303,6.98150800829835,14.8371785177174,-7.03714560415684,-30.2597956773823,-2.20349110031328,3.13696968694035,11.6538117189344,-6.63003075916813,8.54819075066487,14.5255001128435,3.634945136566,-4.95845256124252,-16.1442938987979,13.8584006287175,11.2331793476757,-13.0563932414616,2.88544224709499,-7.3500986414356,11.2019643783126,10.7312042322169,12.0261407520018,20.189771030226,5.08976999269734,-9.72254085036131,12.6439506888972,-0.0677312036608081,6.5826257896344,-3.46237260023951,1.06982792302664,-20.950932182382,-18.0097692867067,-8.79560371231969,3.84863988643976,10.8867886373152,-15.989517623779
-6.43543736016401,-20.0353669036076,4.91955366843287,13.1567005071865,-11.6541186027447,-9.76438781353294,11.7548947287839,-17.327893952858,-4.91389540259459,-7.16974720636743,1.41166795269917,11.8654585550026,12.5361853221696,3.2563686176834,24.8545870694427,-10.2710412605376,-19.4434974537612,-14.0381603925613,17.9939565464361,-2.1132215980112,-4.91086586416781,-0.414936772721456,16.5624352546312,10.861909782939,-3.40087948298235,-5.17939860381924,-19.9155664675001,4.02136300913351,16.4244654436358,-8.16128495824765,10.5750136650915,13.0153938140534,-17.8725148226362,0.0556840278523119,-13.5898043273343,19.1020918642804,3.7376354381371,15.0198268385014,-0.550584241761339,10.8272972615225,-6.54156161575117,3.81889993492472,4.96823588716321,2.84996688249409,-17.0916158453533,12.4021273773663,-4.59720554374912,-1.15128713879488,14.3994239137248,-17.2469516255752,-4.22771104138475,-0.791820925088012,4.01117743406801,-4.63270725614302,11.3005521026905,6.71158109014398,8.76227704840756,13.1438172872985,6.84269224552205,-12.0376070486193,-16.1353185470686,1.2818845897331,-4.40936201626938,-26.7799014940046,-19.8567799451199,7.280673328895,14.41975397281,-6.9916801838926,-30.692720602925,-2.31076101467638,3.11922690294759,11.5507831963601,-6.55749014197786,8.61104440940715,14.6088669642176,3.80001106620469,-4.78077242126931,-16.2796605079322,13.4006031224314,11.3095393270665,-13.5824491397436,2.72119419219723,-7.46587917047132,10.9768362134691,10.5547753045527,12.3121896228759,19.9082058051656,5.00755128658328,-9.10639065065282,12.681505637707,-0.146686714656618,6.44716612160752,-3.06742790741256,0.782626005500884,-20.4936102792133,-17.5415934794851,-9.49854153134639,4.37332151138659,11.1726402020623,-16.3055420781126
-5.94659216677407,-20.2416132209351,5.05525033258965,13.0298936941467,-11.5798326414067,-9.27244235597414,11.8528926321455,-17.2111505879036,-5.34704837621737,-7.18994623699844,1.69615740569248,12.5948586129321,12.5853600763381,3.11702715356056,24.8682254092229,-11.2152534402594,-18.7201487643741,-13.5500638365327,17.7893979697772,-1.40873491480723,-5.27665089297443,-0.641376429018941,16.8709593637545,9.41497099727709,-2.84960053475101,-5.29183197062998,-19.7618604188625,2.96936021704675,16.6770223370697,-7.87839609965025,10.3293974449446,12.9770240494427,-17.9513249484301,-0.156515477809689,-14.0017559785346,18.7737044409927,4.60110510979539,14.4300966704614,-0.499528356027459,10.2929407370082,-6.08526952141487,4.2354863820793,4.70552646921871,2.29688140343832,-16.024761891508,12.5614045866512,-4.66750932899707,-0.922270913843796,13.6948843978513,-16.5039014845086,-4.5357167033777,-0.767376003919318,3.87213131358915,-4.54596284280041,11.6208624407058,6.50731947141653,8.6816869788594,12.3151099514495,6.73520627406449,-11.6989663284576,-15.6013185819073,1.09388105171261,-4.03288737989393,-26.9111024616437,-20.0655510674853,7.39954505991135,15.3116438730577,-7.29784483536441,-29.7729756396713,-2.35954717812064,3.24592980327262,12.0241328464826,-6.72807217362806,8.22730056235448,14.604717924844,4.1851052281008,-5.28040255625943,-16.1241439157433,13.1601849147334,11.42668598313,-13.2142081648773,2.65851205593327,-7.3830359703669,10.30893346603,10.7618610664891,11.4971725249734,19.9485831624836,5.21091806789871,-9.08192032896419,12.4934007494408,-0.417760004438907,6.33731409975033,-3.87189201450633,0.940548755622184,-20.3562287268212,-17.453609147054,-8.91609133156935,3.9482242539691,11.209579661349,-16.534325289046
-6.41542788558472,-20.3463012474748,5.20919835374923,13.1887171779849,-11.8650282857245,-9.83084563802335,11.8243030542,-17.2459779666005,-4.82421687076109,-7.33789453746347,1.65239656351152,11.8929187805863,13.2932884722576,3.04274083408538,24.8627214294877,-10.3912582618157,-19.5095889050721,-13.9391862044294,18.0562901936328,-1.5195550944023,-5.52970009950517,-0.514311525490789,17.133472826879,10.5931181915574,-3.47272193858443,-5.47912886962038,-20.4338901824876,3.91851900304424,16.3482130972509,-8.0156841260779,10.7223469459408,12.7081236035655,-18.1157920649702,0.123695289090055,-13.5914651708174,18.3890926271045,4.08408791900742,14.8221601307663,-0.437154644735603,10.4316515752894,-6.61602292277966,4.03372389591093,4.87272978794543,2.86342867021075,-16.8908996301174,12.7837956729655,-4.67113440565119,-1.01787713044523,14.0823735730057,-17.3482198431773,-4.22327737577869,-0.471074992100493,4.18103499430816,-5.10019468792362,11.7862767876251,6.43211701072863,8.48787652478306,12.9997647248375,6.48040274977763,-11.507080478569,-16.1217073086373,1.69322392783134,-4.79720260273418,-26.4185910170313,-20.469274790961,7.03121587150328,14.7613908712768,-7.17218998323882,-31.0027747321561,-2.37511205511644,3.30171766987384,11.1935004987121,-6.99583682834111,8.95616171578275,14.1966236572986,3.7094445897986,-4.69836257618543,-16.8605042580168,13.5289512018853,11.009706460714,-12.7951707701588,2.5099727658976,-6.84811478905289,10.9420579378326,10.7441505893704,12.0951435511718,20.3283941085587,4.83574386823968,-9.37559155574273,12.6177697995099,0.291633187093835,6.97156860335545,-3.23950502094205,1.42223130549034,-20.9109389831994,-17.3511035419288,-9.1372330053098,3.85750721277659,11.5803333861705,-15.6488984362965
-6.04437187062538,-20.4332290661559,4.98805369144232,13.3839270581026,-11.5756873302274,-10.0015633206721,12.1928529291136,-17.6299761652862,-4.6113952526508,-7.70272002212792,1.97151295250062,11.4333891972808,12.2573744624119,2.65901689631146,25.0777330155654,-10.5384633743807,-19.7163803810168,-14.0593346121118,18.0696760066893,-1.00549271079163,-5.53224942478348,-0.541481334927762,16.9883847882508,10.546274083306,-3.28577950488792,-5.20481618552605,-20.4613514622881,4.10494709705128,16.9853410918397,-7.84664870536593,10.111558156081,12.6434860566756,-18.4755899548494,0.326968815432665,-14.0987621766132,18.9190554003257,3.9136566271084,14.7917078205071,-0.382246203684032,10.4602849816646,-6.85851240171736,4.87230350697029,5.10785937849749,2.76188097349702,-16.3313302069049,12.7934550815113,-4.21954862880735,-0.769128740955579,13.4922582165116,-16.8014721843906,-4.58825857533892,-0.80667636836479,3.50573961238584,-5.01667600805881,11.5368373750873,6.50157696096545,8.30562733338326,12.8522458412141,6.57763927493274,-12.0991552451151,-15.5269049074884,1.47642767004532,-4.8546145426001,-26.4316536810719,-20.2302204642994,6.97065258754436,14.5902201937095,-6.85593881046972,-30.89592244552,-2.63639078089087,3.53749306774168,11.4906618123902,-6.97720168278785,9.13932385628084,14.8751844476426,3.32552400735852,-4.74801848048944,-16.2590898182153,13.4321452831713,11.3565515982973,-13.2945873955076,2.64285329477585,-7.23511665725267,11.2736431103791,11.0312651955102,12.1145512701752,20.1129742563429,4.79460002779644,-8.82125194110393,12.7210442847949,-0.124423510815597,6.37680158910798,-3.46583443816938,1.22526726778952,-20.4618512554144,-17.4672246743235,-8.89839120749905,3.84688212750404,11.3576839201095,-16.0014414385393
-6.69803353081782,-20.2084470403785,5.41289234867367,13.1154861026691,-11.6810060228787,-9.76042291028361,11.5043349185146,-17.0497124565841,-4.94295110503326,-7.52007370845028,1.72542858134849,11.8198506233273,12.1996763167605,2.82407913265219,24.6520648809164,-10.7834085238402,-19.3318262902677,-13.7791228080352,17.1222570868517,-1.77889366960593,-5.38814418351946,0.0163485729594465,16.8501598423032,9.99823309361209,-3.30222389271539,-5.68112886332692,-20.4214009231824,4.16630681673821,16.6914674417573,-7.95595209603584,10.5596821214679,12.9586352862036,-17.7344769314435,-0.215399097664194,-13.3413305316495,19.0248360655211,4.43101822794454,14.9884945419631,-0.489487505803735,10.8830865682494,-5.67125790539622,4.16831874882708,4.87908534865368,2.45881584224722,-16.6501133965021,12.4027184672473,-5.06020070120373,-1.44799157294471,14.4350911193572,-17.4640009919314,-4.07753824758722,-0.627625306694391,3.76412043908171,-4.82281883653005,11.4480057841703,6.56824725330791,8.49601741040927,12.5360594153777,6.45868665194268,-11.8271181921408,-16.021553454223,1.30165047717302,-4.56335281958673,-26.9465439483494,-19.8880838098749,6.84669224694675,15.0927146312378,-7.29903164303747,-30.3770428346574,-2.11887162376217,3.4427911348552,11.6883470338507,-6.44180214129569,8.7922514846506,14.5962375769987,3.76714580734539,-4.97954763739922,-16.164527931555,13.9445834869297,11.164243168006,-13.3658670163341,2.36529911061252,-7.29664566488088,10.7249876012652,10.9319048411052,12.3205256166936,20.1327067472966,5.30877495989916,-9.39481561222173,12.4079133299113,-0.0273953193493067,7.01556039611642,-3.62646824449803,1.12093491220616,-20.5059470344057,-17.3442230903775,-8.67088216685917,4.06488074683965,10.8726949275216,-15.7176360534029
-6.32721571398678,-19.8876000129915,5.96005942003009,12.8548349941665,-11.9687540285382,-10.3924759705281,11.4981397378986,-16.8421084007932,-4.45693696871165,-7.77557536352967,2.08281292892268,11.6362676360211,11.5873031572407,3.0685869074326,24.6166238798504,-10.6843497327401,-19.2945303816561,-14.1461616471349,18.2103962933662,-2.18766082023633,-5.69428349911578,-1.35771907734858,16.6228331480415,10.6790521142352,-3.51179246901157,-4.88287365403486,-19.5347151466508,3.69496385491159,15.9062958726616,-7.29012448800054,11.0547014698955,12.9589101249298,-18.2267212665864,0.743637181492576,-13.997572616889,17.9482749321988,4.27390702989856,15.3744576789821,-0.771757867106055,9.98960565150291,-6.35764869830385,3.87281998100167,5.06567950154246,2.39340885307759,-16.2696536898113,12.3727443227356,-4.58327314955439,-0.370890522762313,13.9006442979406,-17.0300106251459,-3.84477543342058,0.413511706913043,4.83830383797231,-4.25145200497214,11.2761341325211,6.34909372525496,7.58174684822271,13.0869004299096,6.46675162620742,-11.9915813296825,-16.2448878712313,1.5705108675817,-4.92089227600826,-26.7677333178798,-19.8484796914646,6.52364913353501,14.6102121405384,-6.61459355688698,-29.3953328573375,-1.88298898868935,3.44488715135955,11.899771894898,-6.44488789073561,9.23452782755517,14.5787316624788,3.45076776304807,-4.98179538025643,-16.3932300474269,14.0490323437716,10.948568417622,-13.1910352824672,2.38636643115775,-7.41569347398255,10.074761948698,11.1511094936543,12.4899036552519,20.0845665387877,4.9990553497172,-9.95725568163448,11.9380428939886,-0.025566506671706,6.69920148491131,-3.78259906093947,1.61036353080805,-19.9293482760937,-18.0802168019642,-9.44313200947424,3.73582517745734,11.5475123345693,-16.1568877679802
-6.32491224676462,-20.5962063567587,5.5229308653832,13.006067619395,-10.9620958490674,-9.54176371566846,11.2867497061881,-18.176083129224,-4.84743785376759,-7.49335164054499,2.12033586793221,11.5259380321553,12.6338274664067,3.22547509904286,24.8097813208111,-10.114651124855,-19.6794980888307,-14.4338593085275,18.176251379322,-1.38390598150048,-5.58438487426691,-0.902051137605839,17.0328543654506,10.2853891993413,-2.80942676818158,-5.60239504136366,-19.4834603985566,4.0550931251599,15.7282761767605,-8.26307786496982,10.7773102817536,12.7375824524574,-18.0609166326184,-0.0206360624442924,-13.6823310047265,18.3245192180683,3.97466569025556,14.6942301082759,-0.420051255721427,10.3573845388198,-6.45951678096544,4.50576826248865,5.09201987864541,3.28268262236905,-16.5493020608036,12.544986424537,-4.59506922204534,-1.33100130137364,13.6680142471376,-17.3728166305047,-3.83699783956786,-0.542353210451698,3.93335434552443,-4.75406488544172,11.7220935733653,6.14436698962668,8.07356914184946,12.6704063351108,6.49443836801902,-11.3727943412832,-16.316693414031,1.68166440961841,-4.60288250103695,-26.7418280019656,-19.7382511950991,6.80128301636337,14.9948645443382,-6.90251966718715,-30.5329414780581,-1.79203792739412,3.04296882081267,11.6629234991209,-6.96070303244687,9.05866574718485,14.9416129920828,3.43514719812008,-4.66012723463232,-15.7320185873156,13.4014731001775,11.219267005238,-13.41940476525,2.41340328582159,-7.16491402024658,11.3980995902162,10.5382738608875,12.0236072278626,20.2296828472299,5.25425855012834,-9.40710724382362,12.3491420237917,-0.2181090137248,6.46827252277589,-3.24075214690752,0.235199712857261,-20.6928187966713,-17.5164993728187,-8.83064246701927,4.61698631286545,11.0801948834994,-15.5866903786151
-7.12050117725278,-21.0752618447852,5.95678549556277,12.721936427803,-11.1196128719087,-9.27606076078573,11.6360300440224,-17.9104081802471,-5.56704748498227,-7.1927638710318,1.93714097667632,12.5583601997606,12.3043670265371,2.2083710409841,23.4585585946687,-9.44585239369019,-19.3188493575364,-13.846891404519,18.6025508051101,-1.34033910258911,-4.25881128760608,-0.246167260040682,18.0906940094876,9.76951078440564,-3.07707613918237,-4.76338669717022,-20.5240944520156,2.81325557503275,16.2315622390327,-8.57487497566994,10.7545353223909,13.0495706200983,-18.0117832068643,-0.461378596117236,-14.3067480608559,18.8399659444678,4.45968462197413,15.1524430645183,-0.809526534155348,9.71072953393466,-5.90096843341154,4.39371133892366,4.60077569581595,3.32387066406753,-16.4470416591935,13.5152684268093,-4.36850327290312,-1.00139618336973,14.4721402164145,-17.6374705356723,-4.00411141896898,-0.896149132823457,3.7874457076537,-5.35830030896899,11.4809564098815,5.88469539711207,7.89950714933668,12.2700109635742,6.80165455997185,-12.7422599478539,-16.4894275298997,1.20152509926568,-4.12419767226283,-25.422684410602,-20.1965975902188,6.7239732543236,14.9809566374134,-6.81784051813248,-30.6105571678292,-1.69432968398649,3.76963902979402,11.6727290149427,-5.80470123773563,9.27367297910908,15.0686295767024,3.00405643044687,-5.64867269995682,-17.2962951909494,13.9499178307271,11.0788061220878,-12.5308103279826,1.28486726894955,-6.85042621384498,10.2616462594072,11.1425781908135,11.652868709225,19.6911484062433,4.94613765098294,-8.80600111027468,13.273296867484,0.518182857669791,6.37365977407787,-3.57043753170308,1.71040270139592,-20.718329355967,-17.2594510998405,-8.90130652325624,4.33070754885478,10.1412224303994,-15.3910110797306
-6.52024965570547,-20.3645241727649,5.37569824747584,13.4699631668383,-11.4899068577037,-9.88564729189989,11.6670568459562,-17.4965457801907,-4.82855167625891,-7.24366762852576,1.90170477508962,11.8094331439586,12.5593803039179,2.741561461103,25.3320640738181,-10.1562167716602,-19.4238990863764,-14.1683179118066,17.5178078931072,-1.57900972898375,-5.4198526856183,-0.302169281185373,16.888535536077,10.2139851654511,-2.94637051833525,-5.09752020834164,-19.9211731833507,3.71114190996006,16.658027860415,-8.41383117189801,11.096448439859,12.6033024651382,-18.2145935811281,-0.104218805652475,-13.9648724455457,18.684459506502,4.20954860675141,14.8818951148563,-0.724966364921655,10.5790281771593,-6.42523611774144,4.17760918714852,5.26788882988078,2.83823367810367,-17.0079346405202,12.7367741940332,-4.71558283734046,-0.74620276565691,13.7414804578817,-16.9439669094603,-4.42943346181649,-0.449306218646316,3.53629665129528,-4.71898752818989,11.5702029341009,6.26250041926845,8.37990949177223,12.8011732502458,6.68249817823255,-11.6797947146046,-16.0000107463853,1.32274133861068,-4.05045604551385,-26.755462027888,-19.9089221979058,7.60225719264131,14.765944730359,-7.16616595206108,-30.9450691153991,-2.34659409378429,3.12000544643158,11.1275966531712,-6.75623605768621,8.916800013988,14.5332537862812,3.28012130104983,-4.95012516282507,-16.4088574365487,13.5329112998584,10.9370890754845,-12.7772184888768,2.94172915040073,-7.10875292497016,11.4173195773321,10.668444650426,12.2605445915278,20.1075871415988,5.32800181499765,-9.27150464340998,12.4216188212974,0.0660872749578093,6.84677216545047,-3.69755258785542,0.972933338313601,-20.6187396946028,-17.8861743037875,-9.13908407653547,3.95687671094314,11.240208271999,-16.0929787546519
-6.33438978199917,-20.7416842959092,5.58488527756653,13.3562849137628,-11.8768487013966,-9.80017541264312,11.7394097604945,-17.6540653498899,-4.9806205825596,-7.42540273505953,1.81212206695466,11.7772794179584,12.5307673050378,2.94677664116472,24.840479541743,-10.4039969547683,-19.5310766927855,-14.0967518842344,17.9323205495906,-2.23164938520748,-5.05637044221027,-0.229885871437754,17.1081073481732,10.4604961193014,-3.59919629789358,-5.01951758659938,-19.7386416887271,4.02945972071788,16.4183703281541,-7.73580068889996,10.494160623104,12.9850358694277,-18.6396523246759,0.174812422258116,-13.589059457308,18.7237189382709,3.8593973742894,14.7456548015598,-0.509313714309278,10.6728320886797,-6.54873514252039,4.54564105818241,5.26756899493807,3.19140627355449,-16.2730083794686,12.5958921382773,-4.39413420100697,-1.17891992112738,13.9848443180054,-17.4874206939573,-4.27093236509992,-0.171261991315579,3.81926279270483,-4.34067167567335,11.8536397608418,6.26705990182239,8.22060838058926,12.686817511132,6.8046886103871,-12.1053762745666,-16.0001517878626,1.10945116265677,-4.67914888266834,-27.1162915741616,-20.2957257220157,7.35421683225899,14.9567139962934,-6.81858096309705,-30.2959777661651,-2.11158855441902,3.43160241589045,11.3703156699624,-6.25516185121477,8.71017393133662,14.7737224268803,3.23512372941975,-4.73840492760141,-16.1315480326756,13.2989436091062,11.1871967915882,-13.1939005676734,2.26975157734568,-7.60458593023544,11.3344058011496,10.9522764583988,12.1009008389735,20.2406647011136,5.05047234119893,-9.47022985479883,12.3588708340186,0.0346974309492161,6.83640180629377,-3.3633855093331,0.964459260337243,-21.1555632043289,-17.8807000208882,-9.37711907965246,4.19598715556788,10.8236910203587,-15.5672159177012
-6.32913471255969,-19.5906645611837,5.62853026637887,12.962907286952,-11.5833932757023,-9.61990210626379,11.6674832464016,-17.4298957719926,-4.53579073496163,-6.92540863215806,2.21513781773761,12.4900977483363,12.4709509311273,3.06103480535979,25.2899817653897,-10.4906985545023,-19.0131913288338,-14.106571555058,18.0601880694571,-1.57429916664923,-5.30825087314876,-0.797878380201198,16.7610167195908,10.6517110291754,-3.08819423596668,-5.03256922918145,-20.6370157210123,3.7764149913675,16.2548768715842,-8.14330643777055,10.491076252243,13.1315554395323,-18.4116369158786,0.588013127004632,-13.3842952703242,18.736945807972,4.28661446924003,14.764349345315,-0.154288698968025,10.7701788230778,-6.67084554134054,4.37340798114746,4.8633213961284,2.85962717593547,-16.6567958204498,12.0002203928928,-5.36954295774816,-1.47329626603245,14.0574435310981,-16.9961584516737,-5.3942681476999,-0.404336288277853,4.33859022129665,-4.99939700593361,11.8275498688458,6.51945675072702,8.30718235357709,12.7637165790002,6.53578595727126,-11.8501201932047,-15.6511240457288,1.76927576724616,-4.69572264979269,-26.688632403086,-20.2828247966311,7.00858962422874,14.5707206127382,-7.18015531088197,-30.9220889214765,-2.12541215685347,3.21566193220583,11.4795140180383,-6.94335292409602,8.38448082049911,15.1051773334688,3.48162758788407,-4.90494992497545,-16.4107319698191,13.7091027376606,11.0584057023543,-14.0435807694747,2.24472127021906,-6.77508140309204,11.1799185054595,10.8127060889394,12.2058621972402,19.8155329946719,4.35185223611724,-9.46688160640837,12.5766678865729,-0.258732714932709,6.65352892951181,-3.4990289328916,1.35838912764432,-20.5121785424993,-17.5555739032817,-9.64538657110629,4.30959881980196,11.6661488618613,-15.9302636938213
-6.27103251982943,-20.108225945967,5.22076695609312,13.3954422277182,-11.7347750304908,-9.80583205046709,11.9734442529317,-17.4662244551884,-4.81253682707214,-7.21496814895291,1.98052325482522,11.7181229502489,12.3302724540304,2.82837334419391,25.1857627328636,-10.0169755641362,-19.5607545787951,-13.5534149785592,17.3208933042012,-1.44628339042235,-5.09675756455798,-0.951999218236778,16.5406304190127,10.0850225529489,-3.27261609962694,-5.33262190544731,-20.3554269857648,3.79539183934063,16.4351201738475,-7.50447975222779,10.6818968138813,12.9132648511526,-18.1881645595127,-0.225477219518003,-13.8771276083677,18.6962607826998,4.16428216429816,14.6960555682266,-0.335241676029747,10.4154103642102,-6.36586721002095,4.35382806701584,4.77400379591445,2.9641527329934,-16.4849690499832,12.4662770341197,-4.63457301611369,-0.837386142853388,13.8933004713294,-17.1055262036995,-4.25167538837227,-1.11289641844305,3.7666245665441,-4.96931733106441,11.3818198817122,6.59530303910204,8.29963851671876,12.4856599858572,6.4042622483355,-11.8616323490018,-16.125337164662,1.65623406478924,-4.81289752965457,-26.9763732749268,-19.8209733448388,6.70233354439325,14.8277668714281,-6.75340145937901,-30.6883343578563,-1.61118460866528,3.53117511146481,11.4139340387625,-6.44188627030298,8.55896372849646,14.3474605469762,3.93870864970125,-4.92044531406488,-16.1512766764721,13.5737420293558,11.5022536929846,-13.5676568664971,2.97042822518066,-7.27789508294659,11.5508598863127,10.9306628690575,12.217276807904,20.2786774085443,4.78765459221027,-9.33186284731217,12.1168011631915,0.630005814519915,6.64113371320514,-3.45654480003354,0.518011251005292,-20.4867812159979,-17.4405402449066,-9.15510147855713,3.79179131103218,11.3409179040814,-15.8153288451678
-6.6838497615668,-19.5876606090547,5.28667988504055,12.8793542448069,-11.6102255567706,-9.93639711581193,11.6377470270947,-17.1322973732386,-4.59924633121321,-7.32525243031198,1.54275432974886,11.7887908413035,12.153308005753,2.59081960051149,24.6378527531755,-10.5406386078188,-19.4967905232297,-13.9774863421304,17.5333756702405,-1.86735473431543,-5.64104758436263,-0.0211890434334158,16.6654854372478,10.0054053739279,-3.52665996006372,-5.06138577353272,-20.1094018164522,3.90940917351089,16.2681331141671,-7.81034808655203,11.0181761185308,12.5866295798445,-18.2034077405735,-0.0209069515745963,-13.9106697893082,18.6729165005287,4.35587844478833,14.9012289984209,-0.269442714889761,10.4738164927726,-6.46590212659198,3.85362862308371,5.28596972218962,2.89360520395987,-16.9612342734029,12.721154632985,-4.95538117229904,-1.3092596285088,14.1446214792482,-17.508752661606,-4.04452484038914,-0.564379641407418,3.93967533413688,-4.62145631640944,11.8871603570378,6.43974756843118,7.98072604534037,13.0589554410716,6.84641182401943,-11.2443909730475,-15.8463991279872,1.31017175983543,-4.55151255539428,-26.6750158714611,-20.1348122000521,7.0207684340477,14.8895731216,-7.40632872253037,-30.3825470503881,-1.72365316946304,3.26552457357078,11.7521647270252,-6.78800902144119,8.58621415662261,14.8288992503914,3.69628294053099,-5.02774481556998,-16.276538447387,13.2698074460125,11.3477604793787,-13.1232756742412,2.87021482742487,-7.12675804881798,11.0108246850131,10.7327623577376,12.5804612163648,20.0689802893633,4.71882525912112,-9.49096212201838,12.7605571652238,0.0427186622029114,6.35856687812505,-3.78927822898621,1.37046308246669,-20.3308191530423,-17.231073945143,-9.08767927258167,3.97077545387917,11.1474654638116,-15.5598521462952
-5.67119256354929,-19.8405838937808,5.17393586457666,13.4055718020574,-11.6699202155581,-9.50569792093213,11.784747560089,-17.6230154529791,-4.38582679346819,-7.93427468566157,1.67242060450345,11.6576395273128,12.2064097836891,2.88405657544764,24.8459493310797,-10.077106918995,-19.0366785286539,-13.8951908474321,17.6623386640583,-1.90852890304662,-5.24283240537688,-0.561105478040692,17.3743079302791,10.4620004354062,-3.13881732549557,-4.60115952537391,-20.5667257786097,3.95730464089204,16.5808773858862,-7.91512478713796,10.7892549513977,12.6989856231949,-18.0265924853735,0.0607123882451396,-13.7834680254414,18.8133532668659,3.91888125477998,14.6864192061499,-0.724728887852108,11.2700867702095,-6.61866889982021,4.61301868003938,4.67267281680605,2.62090309803733,-16.6204404267536,12.5491524187381,-4.55090235400662,-1.37313256242613,14.3317781016289,-17.2019210900614,-4.05687005802236,-0.884632096050483,3.78528150007239,-4.90000288431543,11.7154496595026,6.46787424145618,8.37814670094977,12.7565532380705,6.60837108961867,-12.2404726799456,-15.458304291367,1.73579357718371,-3.98876207610376,-26.6438814031501,-19.6790730709154,7.50304315049037,14.6026042145444,-7.68516810554485,-30.7885217815854,-2.03806934352531,3.13412567114451,11.7111021754983,-7.20283719373734,8.88937189786307,14.5725291220883,3.37163953972274,-5.40166795277885,-16.3611007296641,13.1204578496037,10.8725249592081,-12.838885195557,2.71197810997833,-7.4052877756555,10.9203070520771,10.8882722881571,12.2439147704087,20.1202993121562,5.18114368927083,-9.37237426538813,12.7084126806424,0.417666787035638,7.02012235544714,-4.04240918675591,0.792727453663294,-21.0245566185088,-17.6962785626028,-9.14566502219241,3.34216268513809,10.8352680652498,-15.7714654684193
-6.22018986051101,-20.0086920422703,5.57771892700186,13.277219940307,-11.5782647055944,-10.0298835684557,11.9255138515376,-17.2224759495419,-5.04687352172921,-7.72800648782546,2.15550716390046,11.569892584551,12.614736671722,2.93097295774238,25.0462568098749,-10.6105300374527,-19.8459547286352,-14.1392197527459,17.6847741660811,-1.82489576573849,-5.53134784882875,-0.334131548467021,17.0935253038443,10.5814007989362,-2.95623756064514,-5.52089629604503,-20.0548379191963,3.94656323880685,16.7319009558625,-7.98808753854927,10.9222751048808,12.3104177586189,-18.4519076901423,0.135694489393889,-13.9050062483637,18.9594518769254,4.32636081245775,14.7459321632615,-0.262018902808424,10.7840713703668,-6.66317042553103,4.32716338146563,5.32711098472456,3.20083661074361,-16.5243573555102,12.6192350484209,-4.19533618384799,-1.15129602328896,14.0845508875127,-17.1134542882713,-4.62513192549217,-0.887156707331547,3.36869376667625,-4.93933987665155,11.909686239401,6.43484026349584,8.16058536273139,12.7087872272937,6.62217817516745,-11.9539264030804,-16.1900888426852,1.20083982133326,-4.54051515224922,-26.8002409493219,-20.2660024355059,6.83546165017022,14.8134811836871,-7.14342726457869,-30.6509916786876,-2.22670631338847,3.65333673864147,11.6283851323117,-6.99235805764181,9.23526095234494,14.9434832140783,3.78417720088425,-4.86862847024961,-16.4987458206227,13.9846141039433,11.599230906249,-13.5844062972024,2.77445264172173,-7.15485858619274,10.9734418793523,10.6411790367517,12.4133468041704,20.2559378988192,5.03484251508747,-9.5630932562097,12.0096391253271,0.0562902157262588,6.5591127509272,-3.29903051376694,0.69045602896244,-20.6046303505829,-17.8815080291502,-9.29840843963918,4.32198715653526,11.1463400151177,-15.7628842456218
-5.69730578600527,-19.9625563993662,5.1060126605023,13.1712361040043,-11.6166816837524,-9.35452012567554,11.8556308132118,-17.8227299492322,-5.0765827309758,-7.5389865135826,2.1081250063739,11.9198464628682,12.6789465386061,3.20228214244107,25.0681469099359,-10.7830076343678,-19.5200824424694,-13.9840210017536,17.5450468548361,-2.07600360932696,-5.64396567483731,-0.472952237948551,16.7634595820657,10.0854269904157,-3.30971901548002,-5.22501088382293,-19.5807461828521,3.8402706006245,16.9191888593775,-7.41865211212205,10.710167211656,12.8989054968816,-18.4296893056272,-0.173859512184927,-13.7132748162616,18.8542600514575,4.23260791485308,14.9377985574855,-0.539086771933322,10.2006400221378,-6.35843968579052,4.17872192553198,5.11402009615304,2.9422940198967,-16.5356026954629,12.8373259980198,-5.03386796864498,-0.795999478660883,13.9774183729427,-16.7170594719985,-4.47108281941773,-0.462090887734886,4.08224535340612,-4.97482823423456,11.5293374950284,6.53759355895369,8.18741976811009,12.7836944919171,6.27010118346245,-11.5091845814112,-15.8584198428659,1.49797580828195,-4.45204922424697,-26.8755663405825,-20.0052059999158,6.44744317159234,14.9276468427813,-7.45351634752349,-30.2030461990319,-2.42856701438031,3.47972445331289,11.0443830405869,-6.86063620352322,8.45883130080533,14.4578916569471,3.64063804539658,-5.18064356340266,-16.0150587024354,13.4487475546488,11.6392532242087,-13.7461270967078,2.75983594775515,-7.03995861048593,11.1662659099106,11.1816237842867,12.3773114286812,20.3029968254672,4.96296758056741,-9.17668520717539,12.5126396958026,-0.199548483521787,6.02584027910268,-3.43274267029561,0.922189371726714,-20.5419033081715,-17.4024924136657,-9.24868743301677,3.9767349345193,10.9546491917032,-15.8053162173587
-6.80294423282955,-19.8474049630909,4.84414075635828,12.9482581249809,-11.4219849742922,-9.85249711764545,11.7294985334942,-17.4273339905895,-4.74339145754225,-7.31178620033516,1.68667653350823,12.0249881794282,12.7043820691464,2.52518187578845,24.4968322675484,-10.6465211417746,-19.4683313421669,-14.0450284526396,17.4180456481993,-1.80929013099131,-5.1264991613996,-0.193559816179082,17.1472942107238,10.6507442188021,-3.29925989275208,-5.30571333163139,-19.9162677629656,3.97218675874349,16.6677561035476,-7.34239431378122,10.0923932394989,12.6758866830969,-18.3933519502593,0.336228521889112,-13.8346234954076,18.6647487032357,4.25435990503292,14.6387387055456,-0.794220187246072,10.5529547821417,-6.44390711304461,4.21332684308752,4.92482150371705,2.83575641653276,-16.7183119734589,12.5512463862152,-4.38629689275054,-0.482284332395976,14.0395625891299,-17.4322996556666,-4.31893946607608,-0.90198613350849,3.93030064709071,-4.7918678584914,11.4058586853764,6.28690028696068,8.25424660046027,12.5992864008893,6.16865934734477,-11.9002540223779,-15.7711210251337,1.77795484793407,-4.07061188854274,-26.5434202992214,-19.6685049831865,7.1317377561626,14.9384478548857,-6.91676385869739,-30.6295199897392,-2.38086420825342,3.36795585964627,11.8771180063709,-6.81648021534051,8.82235377752303,14.6204849637694,3.80170154851349,-4.97665349067658,-16.4382175868433,13.5764688060631,11.5513250574592,-13.8562619826035,2.64171926008224,-6.86571819524864,11.3242845720792,10.908955303606,12.6969772414818,19.7857013437431,4.53612344236359,-9.09465186981883,12.3871467902542,-0.0648463185916663,6.76550800683111,-3.44898165028872,1.16452487649729,-20.5824511646204,-17.6518508285919,-9.03875599763816,3.99828467734826,10.8356855493728,-15.9774941531758
-6.74035456466435,-19.9523934671917,5.18958895672662,13.8104876587165,-11.0987682829126,-10.4378235362582,11.3624422499525,-16.9912108897303,-4.26622690873346,-7.087164337073,1.63672299441335,12.0582057541939,12.5804659150157,2.69715327853494,24.8038316917476,-10.8857246481755,-19.0056323994978,-13.676592561961,17.5885519315929,-1.39129262539839,-4.75649277957008,-0.256853228070655,16.8792115189384,10.1730356769082,-3.23626505244349,-5.56453107662962,-20.6873526117215,3.73542822311687,16.7209303524585,-7.87630204253564,10.1570649171848,12.5551779473091,-17.9654456562241,0.546747190598671,-13.8054537242767,18.5208785956078,4.44637686766772,14.5732064383391,-0.0852733877427159,10.4135571307474,-6.43867121219523,4.28912478376784,4.7262731334088,2.8037452733512,-16.369072617135,12.5238542890949,-4.80686697042708,-1.18975632825278,14.2587886449901,-16.8861592128267,-4.04075721533743,-0.674470010950003,3.61442023438574,-4.39319117171344,11.7729551318589,6.679630496074,8.02431478363801,12.6354714784326,6.15504454002497,-11.7564501980122,-15.5324877965481,1.04803785783561,-4.11581173454166,-26.2936921403521,-19.8335121703078,6.74238380313922,14.5363685098552,-7.4570368559518,-30.374232259958,-2.02670971131152,3.60749585154121,11.8983262778671,-7.16647082848267,8.85813797620993,14.426973175711,4.00815850925659,-5.49778853364061,-16.5249429355718,13.5320030599623,11.3372977811433,-13.7783542183582,2.42491412226402,-6.9798119070216,11.0721882033852,10.799433136729,11.9074060462564,19.8092897279858,5.18723503224868,-8.77237819901079,12.4833433816412,-0.133181331876477,6.72898539537014,-3.94030371356545,0.724091489463966,-20.1453460986112,-17.7915573292437,-9.43810139859413,4.19515676984454,10.9710899762993,-16.1067362821991
-5.97131397333923,-20.5004901957329,4.93659710743337,13.1596376062411,-11.6856768973888,-9.7208564183673,11.3362260970778,-18.5094047829215,-3.71259890164613,-7.07942245282268,2.3465226570866,11.7420604884625,12.680486670395,3.03115234139277,25.4035929091106,-11.1414373709137,-19.1854085219927,-13.7386919825195,18.0804319864126,-1.53769239149222,-5.56073921963655,-0.533378270446513,16.8880626599962,10.701746061632,-3.16392210432369,-4.91476983348032,-20.6598658227401,4.24068852960074,16.5039684942383,-7.57601271825446,11.1919576739742,11.835069474539,-17.7419530289295,-0.46029159847824,-13.9001568713655,18.5138962294094,3.82814180166531,15.0022216974878,-0.264056897590528,10.3358980021119,-6.68119496697661,3.91849370085453,5.0071457051018,2.43031707939934,-16.3726434831947,12.339445706941,-5.2653318377538,-1.03824284174138,14.1279889286859,-16.7147392417165,-5.1862477839766,-0.10882050456428,3.6672451670615,-4.34105327130213,11.8982554449954,5.14880429080671,8.02450150939326,13.1747039670702,6.85205143987089,-11.9749350840401,-16.528828774084,1.43114701369185,-4.68860764353836,-26.9302252804109,-19.605145205355,7.08815615496755,14.9688651466601,-7.14606135593992,-29.5859386994182,-2.12325520789182,3.14686344400772,11.7727976684099,-6.85401715498873,8.9282220268917,14.4552700830569,3.24091911306056,-4.65490173358748,-15.9162977729571,13.5127368007144,11.4663047851328,-13.2345365468854,2.79107134307886,-7.92910476116734,11.3325337885685,10.889189592682,11.9605876175668,20.5146267692459,5.4187876859264,-8.46905122474197,12.4416919935098,-0.149625381324519,6.40790742166983,-3.06104332216749,0.797371039356054,-20.3775816225314,-18.237836104834,-8.95016813775626,3.92368078378056,10.4232757762182,-15.575742277416
-6.25841983350294,-19.9050592025231,5.51042298237017,13.1236882984545,-11.2986620603075,-9.16036527843892,12.3097763348554,-17.5046402477255,-5.44192502838638,-7.30724781697448,1.97139806055504,12.140854774606,12.5536751590996,3.15625259078288,25.0960124381505,-10.3737977665887,-19.4801437990876,-13.8528890317439,18.1801135027939,-1.66861822540853,-5.26258253063473,-0.0967463637391588,17.0250195011109,10.2155229523173,-3.23349328495881,-5.2332101358801,-20.4400731433072,3.41843967966958,16.3303380774565,-7.90709255957426,10.3505503407064,12.8551283722714,-18.1266374538174,0.174550207805419,-13.5443466393111,18.8812744764306,4.04679534300178,14.6705929341369,0.0443739950830545,10.0469901510468,-6.35130053500821,4.11723587878202,5.6971943523152,2.78684314577693,-16.3293693170836,12.4124580679932,-4.65603901873097,-0.684162010402509,14.1916053763603,-17.0807801686811,-4.53764471481697,-0.0947399958914997,3.8488127036034,-4.57589592490044,11.4120407507445,6.12066373600799,7.90988215524325,12.8864839895097,6.6834492530582,-11.9312960439461,-16.6052613372067,1.37952907313834,-4.4941273970262,-26.7953563787576,-20.0442944912529,6.68632611506901,14.4720232354572,-7.26730743943042,-30.6857309974595,-2.39519131257006,3.76118941100463,10.8693007620277,-6.48871485983827,8.7510195013481,14.6274042515561,3.26275420759045,-5.00983105869744,-16.7684113216147,13.2048215718224,11.3887614121539,-13.4676880637287,2.83370131387106,-6.94386525605108,10.9194103458937,10.9748221874926,12.1433438434978,20.1810649625373,4.92054221008852,-9.10742294499862,12.5337352223125,-0.14066833724732,6.32100235270933,-3.40717415269036,1.29822187345502,-20.7399484416703,-17.7643151526089,-9.21166194869062,3.88616688263198,11.3225575277019,-16.2319888225473
-7.00408902242004,-20.5367040224045,5.19703094571316,13.7821949837337,-11.7518169205405,-9.59897354288588,11.7546327994809,-17.6087952600947,-4.45387798789647,-7.83954965309705,2.08830029900628,12.1614556755211,13.0620741123714,2.97677300641095,24.8259241895894,-10.4549933775987,-19.2146010338603,-13.714365130942,18.1567108702967,-1.70374329425084,-5.30971134057759,-0.277330880978737,17.0455784713392,10.1839302060898,-3.23680871421566,-5.45995358360326,-20.1847876838359,3.53150817643094,16.5504508505856,-8.1690937655822,10.374408794596,13.3480367375903,-18.1650656562448,-0.481630505393918,-13.8883177064825,19.4636414328614,4.39245551980647,14.4885665843077,-0.31260711262562,10.5210109242288,-6.45227242653324,4.21722648231423,4.86305846960362,2.90944125248072,-16.3384278011093,12.7926550067323,-4.46216806986088,-1.86642845528405,14.4491220609673,-16.9663237982341,-4.85747847668731,-0.36965719311976,3.97316396583865,-4.83399624821654,11.9896421961616,5.90940776232655,7.36643807529886,12.1227793603996,6.6771225014348,-11.6564477185564,-16.2969456587086,1.15504326436485,-4.23691851302176,-26.453193562368,-19.8311919702796,6.64441798723732,15.2840267445683,-7.468057549921,-29.9308596706273,-1.92929812607893,3.35279166142939,11.5868176989269,-7.04982637606141,8.91207145895389,14.5550469898567,3.27939792736321,-5.31064550912479,-16.5977600603768,13.0997115682746,11.5426345647436,-13.4450912722657,3.07961950678248,-6.87416736071882,11.3201502483639,10.8596410623729,12.866688934036,20.1650444076859,5.07158393671823,-9.6376106445137,12.2397383792468,0.431690090582602,6.68385574537902,-3.38011239478078,0.724269469026581,-20.8035273012922,-17.7608368952787,-9.41494775334492,4.4214399305097,10.94969617663,-15.809112464675
